1,4,0,13.675,6.431578947,0
1,6.803921569,0,13.38365651,4.56043956,0
1,0.994029851,0,3.505904059,1.118302018,0
1,6.955223881,0,21.14953271,8.290657439,0
1,1.219219219,0,4.929292929,1.66620014,0
1,0.936170213,0,1.265116279,0.501243781,0
1,1.211538462,0,2.819026175,1.569974555,0
1,5.153846154,0,11.21908127,4.219895288,0
1,2.173913043,0,4.366013072,2.4,0
1,3.806818182,0,14.14453125,4.957671958,0
1,5.333333333,0,6.869318182,2.23119015,0
1,0.923280423,0,2.698002049,0.911122397,0
1,5.347222222,0,8.440023068,4.143333333,0
1,0.249275362,0,2.824525043,0.964214712,0
1,0.786885246,0,0.530696576,0.327556326,0
1,0.167053364,0,1.516898608,0.518275539,0
1,1.013513514,0,5.747068677,2.178181818,0
1,1.898876404,0,6.401823708,2.076112412,0
1,1.147058824,0,4.718377088,2.412478336,0
1,2.527272727,0,4.806944444,1.720221607,0
1,3.708333333,0,8.364835165,4.765957447,0
1,0.11622276,0,0.265266648,0.103875135,0
1,3.685534591,0,4.022251891,2.170940171,0
1,4.227848101,0,2.343880304,1.244033872,0
1,5.984126984,0,24.63636364,10.62995595,0
1,2.277777778,0,7.34026334,2.54798331,0
1,4.955882353,0,4.278753292,1.241483724,0
1,0.267361111,0,1.94964161,0.646320195,0
1,1.002932551,0,3.891844592,1.258344459,0
1,8.087719298,0,35.06737589,15.73451327,0
1,5.083333333,0,8.380639869,2.913961039,0
1,0.140939597,0,0.890510949,0.313606474,0
1,2.254237288,0,15.13188976,7.511312217,0
1,4.325581395,0,3.543426021,1.869430052,0
1,1.208333333,0,4.690527066,1.605529332,0
1,0.4,0,2.743626744,1.003752345,0
1,7.127659574,0,19.93907563,8.293814433,0
1,1.137254902,0,1.915851272,1.067961165,0
1,0.137745975,0,0.518354795,0.183818311,0
1,1.823880597,0,6.662490789,2.47705146,0
1,0.867256637,0,3.381528046,1.183673469,0
1,0.605263158,0,1.005985634,0.357310399,0
1,1.384615385,0,3.791974657,1.390295359,0
1,6.392156863,0,18.81526104,8.414893617,0
1,0.548780488,0,1.368888889,0.596182085,0
1,0.140298507,0,0.314540059,0.121799308,0
1,5.644067797,0,15.48538961,5.546391753,0
1,1.087349398,0,4.13358209,1.290592334,0
1,0.266666667,0,0.529430413,0.207077626,0
1,0.378787879,0,0.691868759,0.291486291,0
1,6,0,16.53410982,6.966942149,0
1,0.52,0,0.517402597,0.295977011,0
1,0.418079096,0,1.17537483,0.573849879,0
1,0.377252252,0,2.32278481,0.740486016,0
1,0.313609467,0,1.089298626,0.367994598,0
1,8.46,0,23.96911197,9.977375566,0
1,0.976539589,0,3.229385816,1.006892231,0
1,0.781609195,0,5.366666667,2.16519174,0
1,0.252252252,0,0.851976137,0.311360449,0
1,0.201072386,0,2.093404754,0.740948814,0
1,0.85,0,1.553453712,0.880176211,0
1,1,0,1.728486647,0.743506494,0
1,8.823529412,0,19.70236439,7.8375,0
1,1.25,0,5.423868313,2.273148148,0
1,1.110429448,0,4.013092029,1.366998578,0
1,1.387096774,0,5.017825312,2.541176471,0
1,0.880952381,0,7.10531804,2.86935867,0
1,0.18018018,0,1.376427256,0.471408647,0
1,0.855555556,0,1.001319261,0.363224638,0
1,3.460784314,0,9.904207699,3.715430862,0
1,0.99702381,0,3.51550529,1.099458728,0
1,0.888283379,0,2.676445211,0.843032568,0
1,0.270386266,0,0.866383535,0.359277276,0
1,1.788461538,0,7.961445783,3.494505495,0
1,1.994011976,0,3.821031746,1.253445636,0
1,0.727272727,0,1.00880088,0.407786885,0
1,1,0,1.988839286,1.06741573,0
1,0.206015038,0,1.01297097,0.452858576,0
1,0.64,0,0.25390625,0.169332079,0
1,2.042553191,0,3.976247031,2.402366864,0
1,0.4375,0,0.288032454,0.116483516,0
1,1.736842105,0,3.705969049,1.657643312,0
1,4.533333333,0,2.833896396,1.459297344,0
1,0.75,0,8.181139122,2.714535902,0
1,1.4,0,4.419213974,2.143646409,0
1,0.192837466,0,2.770740103,0.946666667,0
1,1.41025641,0,2.705636743,1.542168675,0
1,1.921568627,0,6.028985507,2.721238938,0
1,0.793650794,0,1.022201665,0.387434555,0
1,0.893333333,0,5.472817133,2.238434164,0
1,6.62,0,22.12264151,8.71978022,0
1,1.808510638,0,3.713625866,2.235294118,0
1,2.095238095,0,17.03363914,7.526501767,0
1,0.028209557,0,0.040052892,0.026527958,0
1,0.761363636,0,6.388818297,2.814159292,0
1,10.14583333,0,31.82517483,13.13297872,0
1,0.131054131,0,0.231514085,0.091056911,0
1,3.311320755,0,10.05351833,3.481409002,0
1,0.997014925,0,3.67587477,1.162612926,0
1,1.520833333,0,15.41067762,7.16751269,0
1,4.589041096,0,3.549612689,1.819101124,0
1,0.218487395,0,0.456430288,0.179556517,0
1,0.207392197,0,0.795918367,0.297243108,0
1,0.382716049,0,2.236443884,0.88375,0
1,1.058823529,0,3.487700535,1.856451613,0
1,0.202666667,0,1.633114754,0.577516986,0
1,0.15902965,0,0.437113402,0.155794807,0
1,1.345454545,0,4.245183888,2.025531915,0
1,1.545454545,0,10.6626506,4.440217391,0
1,0.970588235,0,6.616260163,2.933333333,0
1,0.106235566,0,0.333333333,0.120815698,0
1,1.086053412,0,4.332115455,1.410677618,0
1,0.583333333,0,2.997769517,1.029370629,0
1,0.445652174,0,1.646148614,0.58802356,0
1,1.250896057,0,3.113201727,1.108597285,0
1,0.256716418,0,0.644476957,0.247237569,0
1,1.3,0,7.715859031,3.727777778,0
1,0.453846154,0,1.17432531,0.528052805,0
1,0.510204082,0,3.972304649,1.431726908,0
1,0.770491803,0,1.729433272,0.748,0
1,0.685314685,0,2.966942149,1.273462783,0
1,0.355704698,0,0.298507463,0.192379182,0
1,0.101910828,0,0.495854063,0.205586592,0
1,4.84,0,7.287037037,5.405714286,0
1,0.193121693,0,0.998236332,0.367549669,0
1,0.132963989,0,0.322693904,0.125827815,0
1,1.002985075,0,3.677538918,1.168289291,0
1,9.272727273,0,94.4522293,43.203125,0
1,0.979411765,0,3.08984375,0.954680978,0
1,2.075757576,0,1.327540107,0.738896366,0
1,1.327586207,0,9.65184244,3.473684211,0
1,0.189655172,0,0.60501269,0.202422145,0
1,3.228571429,0,10.46062567,3.837647059,0
1,0.967741935,0,3.417670683,1.423580786,0
1,23.61428571,0,2.456862031,2.732183908,0
1,0.698795181,0,5.096273292,1.908029197,0
1,0.807692308,0,2.602244389,1.08839779,0
1,5.8125,0,10.50668037,3.691358025,0
1,0.68879668,0,2.081175954,0.7998003,0
1,0.582278481,0,0.508444962,0.193722944,0
1,1.866666667,0,1.823636364,0.682539683,0
1,8.204081633,0,22.52666667,10.46486486,0
1,2.914529915,0,3.808235294,1.859075536,0
1,6.66,0,20.2952183,8.528497409,0
1,1.033994334,0,3.216702225,1.074853801,0
1,3.416666667,0,14.38830898,7.592391304,0
1,0.223188406,0,0.573033708,0.293735225,0
1,0.584070796,0,2.118950437,0.678172589,0
1,0.76744186,0,1.729658793,0.743975904,0
1,5.95,0,19.04651163,7.213675214,0
1,1.290909091,0,4.272604588,1.655737705,0
1,0.202099738,0,0.742571059,0.249230769,0
1,0.207207207,0,0.523302752,0.176027397,0
1,0.64,0,1.185990338,0.522546419,0
1,3.586538462,0,4.58148631,1.388762339,0
1,0.167123288,0,0.409143856,0.142701525,0
1,5.338709677,0,4.115292234,1.235795455,0
1,0.170658683,0,0.512849162,0.178918169,0
1,1.415384615,0,6.302656546,2.804008909,0
1,0.163316583,0,1.154024052,0.402237136,0
1,0.761363636,0,3.819499341,1.138413686,0
1,1.288461538,0,9.307189542,4.426136364,0
1,3.46875,0,11.2099768,4.322666667,0
1,7.47826087,0,34.40314136,14.48101266,0
1,1.080645161,0,2.977464789,1.071969697,0
1,0.181578947,0,1.432514561,0.427604871,0
1,0.065432915,0,1.34575421,0.45999319,0
1,0.253246753,0,1.858137511,0.728189911,0
1,1.65,0,7.148083011,2.417930125,0
1,1.768115942,0,10.8946797,3.528340081,0
1,0.630136986,0,0.577212261,0.32885906,0
1,1.545454545,0,3.730923695,1.735159817,0
1,0.212209302,0,1.008645533,0.356469003,0
1,5.039215686,0,5.655701754,3.166666667,0
1,3.666666667,0,6.898214286,2.734463277,0
1,1.156342183,0,4.986011478,1.610655738,0
1,1.046511628,0,2.370666667,1.203030303,0
1,0.147058824,0,1.175682261,0.389922833,0
1,4.692307692,0,15.23633678,5.582043344,0
1,3.655913978,0,13.55481283,4.699724518,0
1,0.165680473,0,0.478985507,0.170127261,0
1,1.354166667,0,4.625272331,2.276836158,0
1,2.098039216,0,10.10172745,4.66,0
1,0.207831325,0,0.520487265,0.194425087,0
1,11.5,0,34.01894737,14.09661836,0
1,0.177777778,0,0.967443345,0.348112642,0
1,6.43902439,0,0.790677966,0.780035336,0
1,1.020289855,0,4.059470608,1.264761905,0
1,1.15,0,5.017301038,1.743589744,0
1,0.587155963,0,2.588144727,1.066772655,0
1,2.75,0,8.905494505,4.481675393,0
1,1.811827957,0,4.063264445,1.347646573,0
1,1.404692082,0,4.186589909,1.42249047,0
1,0.693693694,0,2.909558824,1.084781098,0
1,0.894230769,0,4.306759099,1.536134454,0
1,3.022900763,0,0.714899713,0.522920204,0
1,4.828571429,0,10.63507625,3.5625,0
1,1.149253731,0,2.886792453,1.007425743,0
1,1.917647059,0,4.947303922,2.134831461,0
1,0.915662651,0,3.626830697,1.248079034,0
1,0.102173913,0,0.202998847,0.077088717,0
1,0.296296296,0,0.217507175,0.083601286,0
1,0.470760234,0,4.253546099,1.743762643,0
1,0.576923077,0,1.194144838,0.509433962,0
1,1.021276596,0,2.259445844,1.119760479,0
1,0.3003003,0,0.745601173,0.297990298,0
1,4.215189873,0,4.202339688,2.100257069,0
1,1.303703704,0,1.285542169,0.560993426,0
1,0.735294118,0,1.472440945,0.710144928,0
1,0.415584416,0,1.500338983,0.519463087,0
1,1.12,0,4.037656904,1.759162304,0
1,5.246575342,0,5.480948349,2.735475896,0
1,0.75862069,0,4.824267782,1.966767372,0
1,0.968023256,0,3.309947644,1.034127495,0
1,0.350806452,0,0.420391061,0.250171821,0
1,1.105943152,0,3.470451011,1.067467652,0
1,7.541666667,0,26.45089286,11.8150289,0
1,0.145348837,0,0.34992785,0.138189244,0
1,3.36036036,0,8.429149798,3.370300752,0
1,0.09771987,0,0.820805773,0.378941106,0
1,0.305389222,0,1.072838177,0.380727763,0
1,0.136363636,0,0.320926966,0.126474443,0
1,3,0,7.256926952,3.579710145,0
1,1.079365079,0,3.710720887,1.289241623,0
1,0.806451613,0,0.722013524,0.28028169,0
1,0.143507973,0,0.217535638,0.122673031,0
1,0.201201201,0,0.605069802,0.215822346,0
1,0.924050633,0,2.383773342,1.359516616,0
1,0.3125,0,0.628067967,0.257772021,0
1,1.409221902,0,5.236200717,1.793220339,0
1,0.149560117,0,0.347050255,0.13229308,0
1,3.741573034,0,5.885358255,1.879107981,0
1,2.026315789,0,1.930491196,0.815184815,0
1,0.802197802,0,1.557432432,0.582809224,0
1,1.25,0,3.159192825,1.494252874,0
1,1.461748634,0,7.342414861,2.442956927,0
1,0.161676647,0,1.30007391,0.454230236,0
1,0.142857143,0,0.839272986,0.282683094,0
1,0.6875,0,0.321576104,0.222652469,0
1,0.625,0,0.243593276,0.160206718,0
1,0.810126582,0,0.951239669,0.530041152,0
1,5.509090909,0,47.40733198,19.05309735,0
1,5.825396825,0,6.670963781,2.03724605,0
1,1.048387097,0,0.789864686,0.458367017,0
1,6.979166667,0,22.07638889,8.54787234,0
1,4.2625,0,9.904404873,3.53815261,0
1,1.321428571,0,6.822884013,2.890784983,0
1,1.88,0,7.735714286,3.565934066,0
1,2.326530612,0,9.666666667,4,0
1,1.346153846,0,5.678362573,2.559808612,0
1,0.167958656,0,0.151636813,0.050212044,0
1,7.041666667,0,21.28663793,9.203296703,0
1,0.327913279,0,1.544463373,0.560653677,0
1,3.519607843,0,2.494888889,1.317260657,0
1,1.05899705,0,4.077370142,1.29076087,0
1,1,0,1.483277592,0.681318681,0
1,0.7,0,1.981279251,1.125560538,0
1,0.674157303,0,1.248331577,0.561437908,0
1,0.426865672,0,1.757676656,0.613888889,0
1,0.126819127,0,0.39051332,0.210251955,0
1,7.490909091,0,26.89537223,10.48858447,0
1,0.831168831,0,0.972593583,0.545283019,0
1,2.938053097,0,4.850100604,2.364431487,0
1,0.4375,0,1.697919719,0.600107354,0
1,0.88976378,0,3.540776699,1.151141271,0
1,0.7852194,0,1.960267586,0.628318584,0
1,0.287128713,0,0.261325597,0.100987433,0
1,0.081597222,0,0.103502227,0.068019943,0
1,0.705882353,0,0.47100271,0.315359477,0
1,0.909365559,0,1.813496478,0.797619048,0
1,0.907859079,0,3.172172172,1.010025063,0
1,0.703862661,0,0.83920431,0.476107226,0
1,1.56,0,3.12688172,1.565445026,0
1,0.410557185,0,2.291695502,0.811887655,0
1,0.106145251,0,0.164160595,0.068697902,0
1,3.784090909,0,12.17380353,4.857566766,0
1,1.6,0,4.466422466,1.891304348,0
1,0.630136986,0,1.030555556,0.616858238,0
1,6.216666667,0,10.4750996,5.894230769,0
1,0.975,0,0.758488149,0.458128079,0
1,0.294294294,0,2.485923218,0.860416667,0
1,0.182825485,0,0.252152243,0.10677891,0
1,1.041666667,0,4.854478976,1.55616816,0
1,0.811320755,0,2.169850072,0.816939891,0
1,0.87037037,0,0.84345351,0.32513181,0
1,1,0,2.011441648,0.994505495,0
1,0.845238095,0,2.382475083,1.260340633,0
1,0.752136752,0,0.498521903,0.319008264,0
1,0.166219839,0,0.34557377,0.150564617,0
1,0.466019417,0,0.848336595,0.368737475,0
1,0.335526316,0,0.724893918,0.383653846,0
1,8.666666667,0,11.31350387,6.352430556,0
1,1.363636364,0,12.71619614,4.99009901,0
1,0.169230769,0,1.044438311,0.398799782,0
1,3.886363636,0,11.58542413,4.44,0
1,0.191044776,0,0.340011448,0.122789288,0
1,0.374301676,0,0.935834693,0.419354839,0
1,0.134615385,0,0.243141203,0.089449541,0
1,6.017857143,0,14.40289855,4.946902655,0
1,0.392070485,0,1.827018122,0.901211556,0
1,0.314540059,0,0.993064729,0.358649789,0
1,5.454545455,0,17.55540356,7.190751445,0
1,0.578512397,0,5.789991322,2.013143483,0
1,0.890410959,0,1.002781089,0.642335766,0
1,0.782051282,0,0.624662245,0.388461538,0
1,1.583333333,0,7.795947557,2.478182636,0
1,1.171875,0,1.988296489,0.820441989,0
1,1.727272727,0,4.598031794,1.711297071,0
1,0.97029703,0,2.769283045,0.911713791,0
1,1,0,3.523423091,1.120415225,0
1,0.9,0,1.554252199,0.626865672,0
1,0.357526882,0,2.021386031,0.730979612,0
1,0.820895522,0,0.882969432,0.374592834,0
1,8.12,0,28.12552301,12.32460733,0
1,0.826086957,0,0.990085922,0.324736225,0
1,0.069284065,0,0.158301158,0.105425164,0
1,0.748502994,0,13.43585044,4.454046639,0
1,1.446428571,0,8.04534005,4.831932773,0
1,1.262295082,0,4.363636364,1.875,0
1,0.119592875,0,0.31937837,0.111695906,0
1,0.198275862,0,0.968424589,0.34220297,0
1,0.127819549,0,0.296152782,0.108222812,0
1,0.235924933,0,0.50433324,0.188545362,0
1,0.250746269,0,0.910714286,0.318435754,0
1,1.3,0,3.241443684,1.570754717,0
1,0.262773723,0,0.638276213,0.234955186,0
1,2.108571429,0,2.111832758,1.067886659,0
1,0.129380054,0,0.282968854,0.110201511,0
1,0.227272727,0,0.174056147,0.061795835,0
1,0.693333333,0,0.299860042,0.19012605,0
1,4.493975904,0,9.034572169,2.985148515,0
1,1.3,0,7.067346939,3.039215686,0
1,1.020833333,0,2.344262295,1.234693878,0
1,0.922077922,0,2.249558304,0.758949881,0
1,1.229166667,0,2.589201878,1.223404255,0
1,0.197058824,0,2.617161716,0.919198895,0
1,1.038034865,0,1.402185407,0.710283567,0
1,0.643835616,0,0.292272874,0.18989899,0
1,1.915422886,0,2.419736244,1.571912014,0
1,0.695652174,0,0.347914135,0.21863354,0
1,0.7875,0,2.395827379,1.259041211,0
1,1.571428571,0,3.374074074,1.76744186,0
1,6.333333333,0,5.634189548,3.050615595,0
1,0.881889764,0,3.137210797,1.017813268,0
1,5.133333333,0,5.611814346,1.742937853,0
1,3.666666667,0,6.079681275,3.922779923,0
1,0.827930175,0,2.854824166,0.918228279,0
1,0.201101928,0,1.478701117,0.527634961,0
1,0.098562628,0,0.138488942,0.055954089,0
1,0.226361032,0,1.097321126,0.39334638,0
1,1.210526316,0,1.565268065,0.771978022,0
1,1.03125,0,0.918882979,0.547945205,0
1,4.095238095,0,14.59499264,5.005988024,0
1,1.053731343,0,4.094732992,1.326883207,0
1,0.204610951,0,1.266787112,0.440896359,0
1,0.5875,0,0.901528014,0.343103448,0
1,0.120853081,0,0.458700441,0.148406375,0
1,4.13,0,9.603802281,3.096264368,0
1,0.133704735,0,0.247448276,0.100611451,0
1,0.162464986,0,1.11579308,0.368762152,0
1,4.25,0,14.15450644,7.687830688,0
1,2.753968254,0,5.656942824,2.411255411,0
1,0.236526946,0,2.599049708,0.939393939,0
1,0.254098361,0,0.545554666,0.148728314,0
1,0.430722892,0,1.838579795,0.713498623,0
1,11.21276596,0,40.62583519,24.41111111,0
1,0.192192192,0,1.246301775,0.432867133,0
1,0.534351145,0,4.675167785,1.93993994,0
1,1.62,0,3.437908497,2.027472527,0
1,0.854166667,0,1.811881188,0.934131737,0
1,0.64,0,0.546317216,0.308387097,0
1,1.627627628,0,4.14676525,1.402922756,0
1,1.268656716,0,5.800281294,2.588039867,0
1,4,0,19.76972281,8.055045872,0
1,0.242424242,0,0.595487247,0.235330451,0
1,0.158208955,0,0.326376394,0.127994524,0
1,6.6,0,19.22641509,7.466101695,0
1,4.970149254,0,5.196185286,1.561710398,0
1,4.337662338,0,8.547104581,2.828813559,0
1,1.413043478,0,5.201320132,2.123239437,0
1,0.352941176,0,1.670157068,0.574417215,0
1,3.526315789,0,5.755102041,2.771367521,0
1,1.725490196,0,3.834693878,2.096446701,0
1,1.020833333,0,8.877380952,3.490514905,0
1,7.083333333,0,22.625,9.768817204,0
1,0.151111111,0,0.524551157,0.16890292,0
1,1.709677419,0,14.30866426,6.6,0
1,0.279761905,0,2.559205776,0.916329285,0
1,2.649805447,0,3.582978723,1.733775811,0
1,0.25,0,5.931718062,1.926670609,0
1,0.167146974,0,2.059507042,0.672715054,0
1,1.303571429,0,3.287439614,1.098792536,0
1,1.107692308,0,0.819153675,0.276054097,0
1,0.641025641,0,0.266729206,0.176130895,0
1,0.161764706,0,0.785452119,0.255240444,0
1,1.345454545,0,3.580912863,1.421052632,0
1,4.777777778,0,7.173228346,3.534303534,0
1,0.979411765,0,3.148320585,1.020408163,0
1,1.691176471,0,3.203931204,1.699472759,0
1,2.298136646,0,4.132837103,2.040697674,0
1,0.639534884,0,1.706896552,0.740576497,0
1,0.651750973,0,1.154486252,0.390425788,0
1,1,0,3.425454545,1.784313725,0
1,0.777777778,0,2.159314503,1.1163567,0
1,0.832175926,0,2.967784352,1.329320722,0
1,0.170149254,0,1.029850746,0.359277276,0
1,1.571428571,0,6.580508475,2.99009901,0
1,6.9375,0,21.23608018,8.961111111,0
1,0.72826087,0,0.454426658,0.26705653,0
1,5.923076923,0,7.552724699,2.376440461,0
1,5.102941176,0,6.317040359,3.252112676,0
1,4.333333333,0,7.954102921,2.583333333,0
1,2.984615385,0,5.20979021,2.313390313,0
1,6.66,0,18.17782027,7.843902439,0
1,4.329545455,0,3.844891872,2.040089087,0
1,3.964285714,0,11.90100251,4.551136364,0
1,1.012345679,0,0.81509434,0.51119403,0
1,0.56043956,0,0.381660022,0.234243697,0
1,0.936507937,0,3.322569907,1.053703704,0
1,0.20959596,0,0.552580979,0.215144621,0
1,4.317647059,0,4.460203218,2.257783313,0
1,1.349056604,0,1.214960058,0.776833156,0
1,0.165333333,0,0.333658854,0.143206854,0
1,1.326530612,0,4.379166667,2.192893401,0
1,1.408450704,0,2.171366594,0.979262673,0
1,0.231182796,0,1.711267606,0.604231487,0
1,1.470588235,0,2.610526316,1.461928934,0
1,1.628205128,0,7.842454395,3.311787072,0
1,1.296296296,0,3.281632653,1.780104712,0
1,2.273972603,0,1.857581338,1.271428571,0
1,0.921875,0,2.758113901,1.520282187,0
1,1.033898305,0,6.346666667,2.709359606,0
1,0.144144144,0,0.412390029,0.148302148,0
1,0.935897436,0,8.805309735,3.455974843,0
1,0.533333333,0,1.37745098,0.582010582,0
1,0.853333333,0,1.064766839,0.649193548,0
1,0.238235294,0,1.167997097,0.432561308,0
1,0.779069767,0,1.412108175,0.815442561,0
1,2.666666667,0,11.56705882,5.478021978,0
1,0.547619048,0,2.578785211,1.245443499,0
1,1.096385542,0,4.158038147,1.659400545,0
1,4.12345679,0,10.73496659,3.592105263,0
1,2,0,11.27253219,5.342391304,0
1,3.942528736,0,13.82782369,4.851428571,0
1,0.301703163,0,2.398992443,0.975897436,0
1,0.258064516,0,0.347880822,0.143682907,0
1,0.271186441,0,0.511350738,0.195833333,0
1,0.597560976,0,0.773955774,0.308441558,0
1,1.328125,0,4.412480974,1.414266118,0
1,1.5,0,2.089860352,1.25,0
1,0.75,0,1.853835679,0.724204436,0
1,4.833333333,0,5.902586681,1.821821822,0
1,0.679012346,0,0.559181416,0.359937402,0
1,0.144772118,0,0.732739421,0.256859311,0
1,0.807228916,0,1.227181111,0.68788143,0
1,5.396825397,0,11.87053571,3.796645702,0
1,2,0,1.526464646,0.940821256,0
1,1.104166667,0,4.115217391,1.865591398,0
1,0.603305785,0,1.408421773,0.48875,0
1,0.930555556,0,5.200258398,1.944584383,0
1,0.288288288,0,0.614803625,0.25315568,0
1,1.893617021,0,18.20616114,7.820809249,0
1,0.204204204,0,0.610032955,0.215163934,0
1,0.326086957,0,0.649498328,0.302955665,0
1,1.033232628,0,3.988944365,1.312242091,0
1,3,0,11.07815631,4.804444444,0
1,7.3125,0,31.38369305,12.59302326,0
1,1.162790698,0,7.932539683,3.173652695,0
1,4.527027027,0,11.38995215,4.197916667,0
1,0.793650794,0,1.548442907,0.773504274,0
1,4.538461538,0,2.71840174,1.45106383,0
1,0.921832884,0,3.365205843,1.071069182,0
1,0.993993994,0,3.479151426,1.125,0
1,0.965517241,0,3.440184594,1.111185984,0
1,4.567901235,0,10.51950719,3.909090909,0
1,1.039215686,0,1.885098743,0.913793103,0
1,0.142857143,0,0.411354582,0.157097792,0
1,1.173333333,0,2.176904177,0.983914209,0
1,0.797752809,0,0.325657071,0.196374622,0
1,2.837398374,0,6.279513889,2.0234375,0
1,0.136752137,0,0.231876333,0.097048524,0
1,2.788461538,0,14.31808732,6.18627451,0
1,2.266666667,0,6.455464308,2.17450495,0
1,0.471428571,0,2.388083736,0.725490196,0
1,0.389880952,0,0.482175009,0.249142073,0
1,1.012084592,0,3.538858195,1.132915797,0
1,28.5,0,72.58899676,32.64150943,0
1,0.18230563,0,0.442983897,0.190087829,0
1,0.728070175,0,1.2899729,0.431983385,0
1,0.826966292,0,3.218205462,1.029585799,0
1,0.349315068,0,0.656674208,0.263397948,0
1,0.455357143,0,0.613285884,0.240328253,0
1,0.186746988,0,2.573690162,0.890449438,0
1,6.096774194,0,22.36329588,9.458715596,0
1,0.775449102,0,2.451205937,1.020237264,0
1,1.905660377,0,23.85087719,10.13736264,0
1,4.472972973,0,3.605382866,1.890459364,0
1,0.931818182,0,2.341975309,1.093220339,0
1,0.544217687,0,0.455762987,0.266299357,0
1,0.275482094,0,0.644673318,0.256732496,0
1,4.92,0,15.47008547,5.734748011,0
1,4.62962963,0,4.011476664,2.093714286,0
1,1.012012012,0,4.004887218,1.25491573,0
1,0.671052632,0,1.328392246,0.584158416,0
1,2.666666667,0,7.509404389,2.486280488,0
1,1.819277108,0,12.24163028,4.802431611,0
1,2.307692308,0,3.984195402,1.645488029,0
1,1.125,0,1.382165605,0.518703242,0
1,3.955555556,0,15.47727273,5.458823529,0
1,8.288888889,0,25.81795511,11.33333333,0
1,0.128686327,0,0.303912059,0.114723926,0
1,1.346938776,0,2.45386064,1.053097345,0
1,0.203947368,0,1.596564885,0.715083799,0
1,0.187116564,0,0.486517281,0.175301632,0
1,0.781609195,0,1.967625899,1.12055336,0
1,6.818181818,0,21.52066116,8.174887892,0
1,0.558139535,0,1.037259615,0.485254692,0
1,1,0,4.262059035,1.400516796,0
1,0.208333333,0,1.706879362,0.599735799,0
1,14.05172414,0,8.37350937,3.732253086,0
1,0.905511811,0,3.346278317,1.080814312,0
1,1.416666667,0,9.672941176,4.085106383,0
1,0.982857143,0,3.137462236,1.04340176,0
1,3.083333333,0,7.868377483,2.539432177,0
1,0.45045045,0,1.581299287,0.602090592,0
1,4.073170732,0,2.744711264,1.39257981,0
1,0.466981132,0,0.596629616,0.273676361,0
1,1.367346939,0,7.386666667,3.581920904,0
1,0.402234637,0,1.271087732,0.55048288,0
1,0.936170213,0,1.068275456,0.648054146,0
1,0.986111111,0,1.062356979,0.656303972,0
1,5.915254237,0,19.62601626,8.098039216,0
1,1.753623188,0,5.149491094,2.52037037,0
1,0.425,0,0.299009901,0.106372549,0
1,0.960526316,0,7.433451119,2.882640587,0
1,0.247292419,0,0.298609166,0.150277897,0
1,0.743243243,0,1.119826756,0.595100865,0
1,1.032352941,0,4.207380074,1.328327645,0
1,1.107692308,0,6.036395147,2.131666667,0
1,0.246612466,0,0.665356909,0.290242387,0
1,0.148688047,0,0.338443042,0.124650643,0
1,0.772727273,0,1.524886878,0.612200436,0
1,1.002985075,0,3.564575646,1.139178845,0
1,2.798319328,0,2.64172019,1.342304458,0
1,1.819444444,0,0.849367089,0.658802178,0
1,0.779661017,0,1.69379845,0.910798122,0
1,0.407407407,0,1.012263099,0.416299559,0
1,1.525316456,0,4.50069541,2.087671233,0
1,0.474358974,0,2.39390142,0.831469649,0
1,4.44047619,0,2.585022244,1.432989691,0
1,1.4,0,2.873529412,1.256965944,0
1,0.96,0,1.984018265,1.06010929,0
1,2.496815287,0,6.057359307,2.002114165,0
1,0.666666667,0,1.218702866,0.611888112,0
1,1.616438356,0,1.182255083,0.794724771,0
1,0.685714286,0,1.180952381,0.59602649,0
1,0.871428571,0,3.151079137,1.368821293,0
1,0.6,0,4.66939332,2.1105919,0
1,1.363636364,0,5.433920705,2.081730769,0
1,0.886075949,0,0.419648272,0.245098039,0
1,1.002688172,0,3.506895392,1.134215501,0
1,0.201201201,0,2.294918999,0.808038808,0
1,0.1089838,0,0.760403951,0.280369515,0
1,0.444444444,0,1.170025189,0.539944904,0
1,2.756410256,0,2.70212061,1.607883817,0
1,0.252669039,0,0.545019157,0.175060598,0
1,0.293255132,0,1.502645503,0.717713479,0
1,1.592592593,0,2.998223801,1.779069767,0
1,1.208333333,0,3.440826873,1.106115108,0
1,0.204142012,0,3.06275441,0.987397606,0
1,0.593406593,0,1.065830721,0.53117207,0
1,1.962365591,0,4.368686869,1.843930636,0
1,1.098360656,0,7.481788079,3.428571429,0
1,0.473282443,0,2.212365591,0.779456193,0
1,0.157593123,0,0.29933927,0.119956966,0
1,0.125984252,0,0.278704298,0.111587983,0
1,0.335025381,0,1.344917463,0.786863271,0
1,6.86,0,21.16548043,10.12690355,0
1,6.111111111,0,9.22644771,3.04248366,0
1,5.693877551,0,51.00683371,23.48022599,0
1,1.080645161,0,8.803082192,4.346320346,0
1,8.415384615,0,27.12724551,13.09926471,0
1,0.875,0,0.341064839,0.238988581,0
1,1.458333333,0,12.44600939,5.324468085,0
1,0.26686217,0,0.661311475,0.310575636,0
1,1.1875,0,2.859832636,1.413043478,0
1,1.068493151,0,1.205524862,0.424369748,0
1,0.6875,0,1.87625,0.756756757,0
1,0.909090909,0,1.688245315,0.754789272,0
1,6.018181818,0,19.272,7.723809524,0
1,0.773809524,0,6.002699055,2.455882353,0
1,7.282608696,0,21.61678005,9.397660819,0
1,1.096866097,0,3.014447592,1.005420054,0
1,0.138728324,0,0.297654443,0.108868502,0
1,1.661616162,0,3.923551171,1.338028169,0
1,3.141176471,0,3.939759036,2.349606299,0
1,0.897674419,0,2.629149613,0.849032801,0
1,1,0,1.532481954,0.823038397,0
1,6.529411765,0,17.84826325,6.919831224,0
1,0.148484848,0,0.345502446,0.134180791,0
1,0.733333333,0,2.421818182,1.013157895,0
1,3.860465116,0,14.55351682,4.98447205,0
1,0.772727273,0,1.715984148,0.695187166,0
1,0.221774194,0,0.445963829,0.302631579,0
1,0.188829787,0,0.705404561,0.260133091,0
1,5.946428571,0,13.6384505,5.050314465,0
1,1.407407407,0,2.140461216,1.262166405,0
1,0.85915493,0,5.072758037,2.091575092,0
1,1.482142857,0,5.905362776,2.587591241,0
1,6.25,0,9.980353635,6.099047619,0
1,0.8,0,5.904710921,2.843434343,0
1,0.243176179,0,0.852104664,0.326266805,0
1,0.613138686,0,5.774133083,2.476293103,0
1,1.3125,0,10.24470588,4.388297872,0
1,1.965517241,0,9.383627608,3.717171717,0
1,0.226470588,0,2.676786375,0.894158076,0
1,1.333333333,0,3.446712018,1.636363636,0
1,0.181034483,0,0.710152838,0.222334004,0
1,1.35347432,0,4.804776346,1.544876325,0
1,1.196969697,0,3.459259259,1.744588745,0
1,3.536231884,0,8.703459638,4.619217082,0
1,0.916666667,0,1.76109215,0.80859375,0
1,1.626666667,0,5.527936146,2.269417476,0
1,0.65625,0,3.852380952,1.677506775,0
1,0.312312312,0,2.449708455,0.856060606,0
1,5.533333333,0,15.69579288,6.109022556,0
1,0.916666667,0,1.3175,0.799516908,0
1,0.206088993,0,0.340873328,0.127523553,0
1,1.306666667,0,3.926298157,2.151960784,0
1,0.923076923,0,12.04709576,4.350482315,0
1,4.05952381,0,8.282786885,2.570359281,0
1,10.34693878,0,32.19244604,16.72631579,0
1,2.321428571,0,6.137825421,2.446666667,0
1,0.120901639,0,0.230807744,0.117900172,0
1,0.916666667,0,3.385911179,1.323899371,0
1,0.656804734,0,2.425483215,1.091954023,0
1,0.323275862,0,0.557197519,0.244482173,0
1,0.654320988,0,1.334519573,0.602122016,0
1,3.971830986,0,8.936685289,5.060483871,0
1,0.878627968,0,2.550720769,0.816582915,0
1,1.338709677,0,1.090194022,0.553869499,0
1,0.258928571,0,0.577203205,0.253269098,0
1,2.659722222,0,8.781460674,3.003484321,0
1,5.359375,0,11.07110609,4.096774194,0
1,6.916666667,0,22.51058824,8.558510638,0
1,0.786885246,0,0.891163793,0.366108787,0
1,0.858333333,0,1.388447972,0.862015504,0
1,1.837209302,0,3.207804878,1.366071429,0
1,8.489361702,0,30.23799582,13.45744681,0
1,0.803468208,0,3.421591574,1.345715998,0
1,6.461538462,0,19.64587525,7.815165877,0
1,0.217158177,0,0.554563492,0.23058104,0
1,2.589147287,0,3.13721619,1.019533711,0
1,2.498498498,0,9.649837721,3.361859838,0
1,5.074626866,0,7.500726744,2.375168691,0
1,0.314814815,0,0.708363636,0.29717682,0
1,1.791666667,0,4.033898305,2.274193548,0
1,1.048022599,0,3.207113629,1.011422045,0
1,0.219101124,0,0.484720759,0.203921569,0
1,1.436893204,0,3.345828295,1.197585071,0
1,0.175438596,0,0.420141429,0.152771519,0
1,1.0625,0,2.341517857,1.257142857,0
1,1.125628141,0,0.981122361,0.353167555,0
1,0.857142857,0,1.912897822,1.051792829,0
1,1.066666667,0,7.153667055,2.46559633,0
1,6.2,0,20.29107981,8.95256917,0
1,1.16838488,0,3.867359169,1.425237684,0
1,1.078125,0,2.246679317,0.756432247,0
1,3.646464646,0,4.782552643,1.436350258,0
1,3.533333333,0,7.711777615,3.204506066,0
1,0.779069767,0,2.777777778,1.283536585,0
1,1.006024096,0,3.563778356,1.133239832,0
1,0.567307692,0,1.28267254,0.517595308,0
1,0.126099707,0,0.274981765,0.109979633,0
1,0.165165165,0,0.749816312,0.270588235,0
1,0.168091168,0,0.532818533,0.186634557,0
1,1.285714286,0,4.11026616,2.136111111,0
1,0.139917695,0,0.384222389,0.202625103,0
1,6.76,0,22.09049774,9.121546961,0
1,0.179941003,0,1.150407946,0.402245707,0
1,0.680672269,0,1.752547307,0.66763285,0
1,4.481927711,0,12.79066835,4.837837838,0
1,0.942857143,0,4.286223278,1.819672131,0
1,2.165467626,0,3.611940299,1.997870075,0
1,1.339339339,0,5.397531788,1.779020979,0
1,0.773333333,0,1.705812574,0.689119171,0
1,0.483333333,0,0.884469697,0.351421189,0
1,1.192307692,0,1.569948187,0.60199005,0
1,0.25862069,0,0.602930033,0.229370629,0
1,0.686131387,0,3.354651163,1.147802929,0
1,1.181818182,0,3.797794118,1.321428571,0
1,1,0,2.17826087,1.081632653,0
1,1.918367347,0,9.047120419,4.129707113,0
1,0.562043796,0,2.171737661,0.930722892,0
1,1.068767908,0,3.80799009,1.219988512,0
1,1.111111111,0,1.053477278,0.662623199,0
1,0.630136986,0,0.441129462,0.168792934,0
1,0.772256729,0,2.211772233,0.732846123,0
1,3.141509434,0,2.143493761,1.120082816,0
1,3.736842105,0,7.175428234,2.170146138,0
1,1.392550143,0,4.62677686,1.682941904,0
1,0.598039216,0,0.346124524,0.215855573,0
1,0.618421053,0,1.103325416,0.477806789,0
1,0.379310345,0,1.064468864,0.401882353,0
1,0.863013699,0,1.753444181,0.587542088,0
1,0.888888889,0,1.233208955,0.41722973,0
1,0.14244186,0,0.310344828,0.111176818,0
1,0.094435076,0,0.257233035,0.098912305,0
1,0.926829268,0,5.453125,2.341789052,0
1,1.68627451,0,2.789568345,1.455696203,0
1,1.764705882,0,3.490636704,1.275633958,0
1,0.574712644,0,1.297029703,0.608571429,0
1,31.7704918,0,19.95719844,10.06084656,0
1,1.125,0,5.044364508,1.906849315,0
1,1.956521739,0,5.494054697,2.773356401,0
1,0.3556231,0,0.561213029,0.354412787,0
1,0.248571429,0,0.581081081,0.255141388,0
1,2.736434109,0,13.58639456,5.252307692,0
1,1.053797468,0,2.6900369,0.931475029,0
1,2.027777778,0,2.401380671,1.356321839,0
1,0.133704735,0,0.252184042,0.112667834,0
1,1.065217391,0,1.635036496,0.974619289,0
1,0.249011858,0,1.130711044,0.405228758,0
1,3.623188406,0,6.136752137,3.375152253,0
1,4.307692308,0,11.43634259,3.66004415,0
1,4.76056338,0,9.835532995,3.230769231,0
1,1.025974026,0,5.148769575,2.033412888,0
1,1.342105263,0,3.326633166,1.12360689,0
1,0.918604651,0,5.049740933,1.68,0
1,4.708333333,0,5.155768208,2.576377953,0
1,1.156862745,0,3.900431655,1.293646556,0
1,0.082132565,0,0.357183991,0.158221303,0
1,1.018181818,0,3.838202247,1.565656566,0
1,1.048192771,0,3.641523525,1.177746676,0
1,1.125,0,2.597051597,1.123595506,0
1,1.119047619,0,3.789118065,1.265907569,0
1,3.861111111,0,8.565858799,3.730192719,0
1,4.333333333,0,3.304812834,1.677981651,0
1,0.847457627,0,2.557692308,1.255506608,0
1,1.388888889,0,4.680451128,2.531400966,0
1,6.66,0,14.3453997,5.632867133,0
1,5.797297297,0,6.000490677,3.075221239,0
1,2.581395349,0,5.776834445,2.043804756,0
1,0.139130435,0,0.267791411,0.117909496,0
1,0.243243243,0,1.903723204,0.691823899,0
1,0.807692308,0,3.682764363,1.406304729,0
1,4.594594595,0,3.353264185,1.727699531,0
1,5,0,12.25191816,5.107936508,0
1,5.208955224,0,20.28378378,7.602230483,0
1,0.543543544,0,1.855747558,0.676901605,0
1,0.612068966,0,4.756302521,1.847222222,0
1,0.099502488,0,0.522678186,0.241081081,0
1,0.549432739,0,2.700027956,0.861724501,0
1,0.90625,0,6.858778626,2.840116279,0
1,0.139410188,0,0.64781491,0.223252938,0
1,0.192837466,0,1.25937287,0.469504447,0
1,0.251445087,0,1.235105244,0.480424685,0
1,0.827586207,0,1.202005731,0.839622642,0
1,0.379310345,0,0.738906752,0.41765873,0
1,1.060606061,0,1.573784722,0.601018676,0
1,0.17816092,0,0.259377298,0.11605874,0
1,1.283018868,0,7.974206349,3.438818565,0
1,9.62,0,15.22262335,5.051801802,0
1,0.308641975,0,0.307669789,0.187725632,0
1,0.198369565,0,0.628730731,0.253226798,0
1,7.3125,0,31.30612245,12.39053254,0
1,2.770992366,0,13.7071525,5.263473054,0
1,0.75862069,0,1.89619966,1.027868852,0
1,1.403225806,0,4.19379845,1.559479554,0
1,0.777777778,0,6.567757009,2.785714286,0
1,1.764044944,0,0.812056738,0.497471098,0
1,0.054148038,0,1.370435548,0.451702959,0
1,0.753623188,0,0.642898551,0.2485482,0
1,0.816666667,0,2.802910053,1.836956522,0
1,0.662650602,0,0.592330979,0.343939394,0
1,0.909836066,0,3.122067216,0.972546729,0
1,0.487951807,0,1.672394471,0.570926966,0
1,7.153846154,0,14.74547983,5.552552553,0
1,1.625,0,1.896326531,1.140961857,0
1,5.74137931,0,18.62304688,7.892156863,0
1,0.594827586,0,0.741163676,0.282674772,0
1,0.617886179,0,0.740291262,0.371403662,0
1,0.137741047,0,0.758608933,0.283544304,0
1,5.633333333,0,18.37619962,7.816425121,0
1,0.167647059,0,0.696928328,0.260230179,0
1,0.481690141,0,2.254253308,0.850668216,0
1,0.666666667,0,2.596846847,0.937209302,0
1,1.06,0,0.756058158,0.265927978,0
1,6.185185185,0,16.03606557,6,0
1,1.156862745,0,3.808300395,1.901554404,0
1,3.697916667,0,13.17056075,5.167115903,0
1,0.133879781,0,0.431233933,0.151162791,0
1,2.133333333,0,4.345162653,1.360219264,0
1,4.864864865,0,9.083555556,3.130198915,0
1,0.579545455,0,0.69005848,0.414141414,0
1,1.062678063,0,3.304897314,1.03495702,0
1,1.625,0,3.822660099,1.909090909,0
1,0.873056995,0,3.041243655,0.967105263,0
1,4.829545455,0,17.82827103,7.413888889,0
1,1.279411765,0,1.066811515,0.694581281,0
1,0.297222222,0,1.643031785,0.562418726,0
1,7.169811321,0,21.97204301,9.143589744,0
1,0.870967742,0,0.979648474,0.364768683,0
1,0.188172043,0,1.224711473,0.429824561,0
1,2.62962963,0,8.335478681,3.022260274,0
1,1.815384615,0,5.792063492,2.384615385,0
1,0.881355932,0,2.152317881,0.853741497,0
1,0.717948718,0,2.383223684,0.966555184,0
1,1.005390836,0,3.397992228,1.112338858,0
1,0.833333333,0,8.358513189,3.44109589,0
1,1.234042553,0,2.979683973,1.207650273,0
1,2.419642857,0,4.152868555,1.6001386,0
1,6.4375,0,21.34063745,9.687804878,0
1,1.06626506,0,4.212431444,1.369550173,0
1,0.987179487,0,1.103299857,0.569620253,0
1,1.333333333,0,2.884805266,1.218969555,0
1,1.333333333,0,4.533492823,2.114942529,0
1,1.294117647,0,4.77247191,2.275747508,0
1,4.466666667,0,4.320737742,2.176470588,0
1,1.04851752,0,4.597277556,1.525157233,0
1,1.009009009,0,3.527736686,1.129280224,0
1,10.02,0,13.88679245,8.764397906,0
1,0.309803922,0,1.228714966,0.599030471,0
1,7.46,0,23,9.933701657,0
1,0.198795181,0,3.781983346,1.345201238,0
1,0.745762712,0,1.419047619,0.552437223,0
1,0.231092437,0,0.872327428,0.308463252,0
1,0.663043478,0,0.268703081,0.187056038,0
1,0.548387097,0,0.735602094,0.341726619,0
1,0.108465608,0,0.548339483,0.176197118,0
1,1.166666667,0,2.214788732,0.930693069,0
1,0.288409704,0,0.510179641,0.203744014,0
1,0.941176471,0,1.684824903,0.85840708,0
1,0.301204819,0,0.744245524,0.300482426,0
1,3.393939394,0,2.94214876,1.475499093,0
1,7.823529412,0,24.90721649,9.665158371,0
1,0.623188406,0,2.162125341,0.862484157,0
1,2.510638298,0,28.49889625,12.67977528,0
1,1.152542373,0,8.151067323,3.084459459,0
1,0.581395349,0,1.247354497,0.547904192,0
1,0.140161725,0,0.2889363,0.105118327,0
1,0.145400593,0,0.327193933,0.128922237,0
1,0.357142857,0,1.682226212,1.111004785,0
1,0.796875,0,2.360294118,1.109170306,0
1,0.886792453,0,1.38583815,0.587878788,0
1,0.210280374,0,1.100053937,0.425066667,0
1,0.904761905,0,3.132947977,1.240583232,0
1,4.099099099,0,4.979289941,2.139372822,0
1,1.820580475,0,2.855357618,1.480601358,0
1,0.971590909,0,3.293285056,1.072519084,0
1,0.75,0,1.258297258,0.702898551,0
1,1.128205128,0,0.684904153,0.453012048,0
1,0.341584158,0,2.066243834,0.792682927,0
1,1.527777778,0,3.644444444,2.314814815,0
1,1.029411765,0,2.233170732,0.93598234,0
1,0.994029851,0,3.486644713,1.116022099,0
1,1.631336406,0,2.930409664,1.429764617,0
1,0.15727003,0,0.460773481,0.173882682,0
1,0.739130435,0,0.945966514,0.495726496,0
1,0.984126984,0,4.905686546,1.852777778,0
1,2.553191489,0,6.516509434,3.623595506,0
1,0.753424658,0,0.979355488,0.576419214,0
1,6.703703704,0,23.58232932,9.806763285,0
1,0.710526316,0,0.600823045,0.352128884,0
1,0.590909091,0,1.888074888,0.990464839,0
1,1.271186441,0,7.220779221,2.589861751,0
1,0.077044025,0,0.216211545,0.078336557,0
1,1.03030303,0,2.537313433,1.011188811,0
1,1.247191011,0,0.862750716,0.494818653,0
1,1.414634146,0,4.464190981,2.131578947,0
1,0.988700565,0,3.220027435,0.975381585,0
1,7.808510638,0,22,9.469072165,0
1,4.8125,0,43.86600496,18.97142857,0
1,0.169139466,0,0.856134454,0.303144654,0
1,2.325581395,0,5.426997245,2.772727273,0
1,0.155882353,0,0.366178862,0.138461538,0
1,1.34375,0,11.59450172,5.180257511,0
1,0.584415584,0,1.224630542,0.703180212,0
1,2.872340426,0,1.534987277,0.94864397,0
1,13.40697674,0,1.384919514,1.47826087,0
1,1.743243243,0,1.129032258,0.782894737,0
1,2.090909091,0,2.6925,1.096153846,0
1,6.703703704,0,21.17706237,8.381395349,0
1,0.947945205,0,3.28632199,1.038130381,0
1,1.459016393,0,2.592485549,1.090733591,0
1,0.140762463,0,0.35944206,0.139266304,0
1,1.454545455,0,3.847389558,1.881278539,0
1,2.629032258,0,3.388589882,1.328358209,0
1,1.046391753,0,3.371611253,1.098247232,0
1,1.067647059,0,3.366263441,1.074829932,0
1,0.324137931,0,0.468720822,0.174688057,0
1,0.185983827,0,1.045908184,0.379571248,0
1,0.191044776,0,0.512147716,0.182941176,0
1,0.746268657,0,1.544347826,0.7109375,0
1,0.261261261,0,0.605973372,0.260330579,0
1,0.604651163,0,1.384,0.627272727,0
1,1.047619048,0,1.184893784,0.815242494,0
1,0.793814433,0,2.35701275,1.322285714,0
1,5.445945946,0,12.31162325,4.721854305,0
1,0.309677419,0,0.349829352,0.198776758,0
1,1.027190332,0,3.821104123,1.198572356,0
1,0.140495868,0,0.353266505,0.134566327,0
1,4.131868132,0,11.29100529,4.768261965,0
1,2.6,0,2.973154362,1.967391304,0
1,0.685714286,0,1.420895522,0.610932476,0
1,0.414814815,0,2.3671875,0.921713442,0
1,1.408450704,0,5.847715736,2.703296703,0
1,0.285714286,0,0.527305825,0.220902613,0
1,0.340482574,0,1.208088715,0.408074534,0
1,2,0,14.12910798,7.053254438,0
1,0.894878706,0,3.208582834,1.019546028,0
1,0.150134048,0,0.238694022,0.08690523,0
1,0.386138614,0,1.409312022,0.556962025,0
1,1.636363636,0,4.154618474,1.748858447,0
1,6.4,0,14.29826897,5.923076923,0
1,0.833333333,0,0.365649312,0.236329935,0
1,0.869565217,0,1.737627651,1.004535147,0
1,1.232142857,0,5.872623574,2.550847458,0
1,5.873015873,0,4.981490271,2.591104735,0
1,1.061465721,0,3.08185572,0.986367634,0
1,3.510638298,0,6.317449664,2.163487738,0
1,0.212707182,0,2.28332845,0.737953438,0
1,0.069295102,0,0.166628095,0.069971337,0
1,5.879310345,0,9.075630252,3.084269663,0
1,0.234899329,0,1.096411192,0.344646146,0
1,9.241935484,0,18.48,15.40350877,0
1,4.421052632,0,4.427330896,2.197596796,0
1,0.21257485,0,1.040650407,0.399064171,0
1,0.151057402,0,0.333702473,0.130254997,0
1,7.234042553,0,26.78765432,10.55428571,0
1,0.165367965,0,4.04678179,1.499689634,0
1,0.686046512,0,1.297435897,0.608571429,0
1,0.796875,0,1.744186047,0.766666667,0
1,6.320754717,0,24.81176471,9.549107143,0
1,0.127659574,0,0.255835668,0.102595051,0
1,0.643356643,0,1.015965167,0.330200501,0
1,0.220472441,0,0.570736434,0.235692308,0
1,7,0,13.14224664,4.180631121,0
1,8.196078431,0,33.62212944,14.7755102,0
1,7.180327869,0,21.0635514,10.9375,0
1,1.708333333,0,11.43520309,4.841409692,0
1,3.953488372,0,3.981481481,1.766570605,0
1,0.537634409,0,0.358087793,0.207885305,0
1,0.147826087,0,0.306671205,0.119346734,0
1,1,0,2.677496992,1.009009009,0
1,0.769230769,0,1.626304802,1.65060241,0
1,1,0,3.243941842,0.987534626,0
1,1,0,1.809236948,1.010638298,0
1,1.005714286,0,2.645024272,1.014251781,0
1,1,0,3.536416606,1.118724559,0
1,1,0,2.006033183,0.996503497,0
1,1,0,2.187951807,1.027173913,0
1,1,0,2.419130435,1.0703125,0
1,0.806451613,0,1.772135963,0.71345995,0
1,0.806451613,0,1.776043863,0.71345995,0
1,0.806451613,0,1.774410774,0.71345995,0
1,1,0,2.422718808,1.048387097,0
1,0.984126984,0,2.989029073,1.033957845,0
1,1,0,2.775,1.066481994,0
1,1,0,2.321649485,1.009049774,0
1,0.95,0,2.965075669,1.105504587,0
1,1,0,2.90875,0.992788462,0
1,1,0,2.028301887,1.073033708,0
1,1,0,1.725099602,1.003861004,0
1,1,0,2.37995338,1.118131868,0
1,1,0,1.941520468,0.985645933,0
1,1.016949153,0,1.98699187,1,0
1,1,0,2.122881356,1.04950495,0
1,1,0,2.503404448,1.085824494,0
1,1,0,2.071246819,1.049418605,0
1,1,0,2.349378882,1.039416058,0
1,1.086419753,0,2.328,1.14115899,0
1,1,0,1.911564626,1.016042781,0
1,1,0,2.258974359,1.022857143,0
1,1.019230769,0,2.605719237,1,0
1,1.030769231,0,2.614285714,1.040133779,0
1,1.009615385,0,2.520591341,1.037974684,0
1,1,0,2.28650904,1.047945205,0
1,1,0,2.313677812,1.049180328,0
1,1,0,2.226337449,1.023148148,0
1,1,0,2.032128514,1.050228311,0
1,1,0,2.034205231,1.050228311,0
1,1,0,2.030120482,1.050228311,0
1,1,0,2.030120482,1.050228311,0
1,1,0,1.84789644,0.992481203,0
1,1,0,2.971530249,1.063305979,0
1,0.987654321,0,2.036337671,1.186456843,0
1,1.014705882,0,3.96356453,1.186222559,0
1,0.917808219,0,1.858780037,1.094036697,0
1,0.9,0,1.957702201,1.13961312,0
1,0.973333333,0,1.905083221,1.097593583,0
1,0.894736842,0,1.836837294,1.08811749,0
1,0.641509434,0,1.802469136,0.970244421,0
1,0.92,0,1.778846154,1.019755409,0
1,0.911392405,0,2.099806825,1.159113797,0
1,0.966292135,0,2.046808511,1.098942598,0
1,0.941176471,0,1.984937787,1.106666667,0
1,1.030042918,0,1.723787816,1.041375291,0
1,0.972222222,0,2.157390784,1.214087118,0
1,0.928571429,0,2.014784523,1.125688073,0
1,0.942028986,0,2.030932031,1.09500609,0
1,0.942307692,0,1.97917253,1.117048346,0
1,1.013888889,0,3.47330765,1.18018018,0
1,0.922077922,0,1.967914439,1.126415094,0
1,1,0,3.355123675,1.102625298,0
1,0.924050633,0,1.816041207,1.03926097,0
1,0.871794872,0,1.601182478,0.916528926,0
1,0.97826087,0,2.030382228,1.16374269,0
1,0.971014493,0,1.830295666,1.043478261,0
1,0.945205479,0,2.139431944,1.146067416,0
1,0.921052632,0,1.983539095,1.151898734,0
1,0.972972973,0,2.125076266,1.200938967,0
1,1,0,3.414720453,1.099871959,0
1,0.884615385,0,2.802008608,1.441631505,0
1,0.952380952,0,1.846830986,1.061968408,0
1,0.982905983,0,2.045490196,1.090191657,0
1,0.971014493,0,2.077171717,1.212560386,0
1,0.923076923,0,2.085892906,1.151489362,0
1,1.015625,0,3.385083714,1.145404664,0
1,0.95164076,0,1.91349599,1.124837451,0
1,0.942307692,0,3.04454023,1.0893186,0
1,0.984732824,0,2.016475645,1.100169779,0
1,1,0,1.928255093,1.128590971,0
1,0.905405405,0,2.055822907,1.122478386,0
1,0.911392405,0,2.051546392,1.117647059,0
1,1,0,2.123845736,1.187192118,0
1,0.911392405,0,1.7694974,0.96529563,0
1,0.963855422,0,2.007198388,1.095030514,0
1,0.970588235,0,1.874796748,1.06372549,0
1,1,0,3.044362292,1.093474427,0
1,0.941860465,0,1.963122311,1.082862524,0
1,1,0,2.042885638,1.132771338,0
1,0.940092166,0,1.732142857,1.103264996,0
1,0.9625,0,2.147423533,1.173987941,0
1,0.975308642,0,1.929979036,1.059701493,0
1,1,0,3.130204891,1.033997655,0
1,0.970588235,0,2.053439803,1.101933216,0
1,0.891566265,0,3.35735208,1.142700329,0
1,1,0,3.565320665,1.188552189,0
1,3.311688312,0,8.76591133,4.885159011,0
1,1.856492027,0,3.839289201,2.308830549,0
1,0.948717949,0,2.142589118,1.168431184,0
1,0.929411765,0,2.063082134,1.098381071,0
1,0.656862745,0,1.813722999,1.044740973,0
1,0.966292135,0,1.933524355,1.042314335,0
1,0.906666667,0,1.693975225,0.971722365,0
1,0.971774194,0,1.807821229,1.04742268,0
1,0.907894737,0,1.908925319,1.059859155,0
1,0.95483871,0,1.888737201,1.112130479,0
1,0.958333333,0,1.955063291,1.092558984,0
1,0.97260274,0,2.023837902,1.132603406,0
1,0.95890411,0,3.151381215,1.12394958,0
1,1,0,2.993524514,1.080279232,0
1,1,0,2.058787508,1.183421517,0
1,0.956043956,0,1.953968829,1.026260504,0
1,1,0,3.308913309,1.087051143,0
1,0.931506849,0,2.021651561,1.064046579,0
1,0.456790123,0,1.274297424,0.764440433,0
1,0.96,0,1.844936067,1.105076741,0
1,1.007782101,0,1.874042553,1.078171091,0
1,1.34,0,8.860706861,4.088082902,0
1,0.96969697,0,1.842363024,1.081669691,0
1,0.97826087,0,2.21537665,1.193370166,0
1,1,0,2.086546027,1.193995381,0
1,0.94047619,0,1.757538309,1.081681205,0
1,0.95890411,0,2.120594892,1.172727273,0
1,0.942028986,0,1.651217596,0.979591837,0
1,1,0,1.963698242,1.186885246,0
1,1,0,3.271970398,1.18683274,0
1,0.969072165,0,1.681602914,0.985142857,0
1,0.973333333,0,1.776338515,1.051075269,0
1,0.973333333,0,2.020226056,1.15625,0
1,0.967741935,0,1.817736185,1.041830065,0
1,1,0,3.339389535,1.168690958,0
1,0.9625,0,2.072389494,1.139901478,0
1,0.953488372,0,1.669584863,0.97515528,0
1,0.986784141,0,1.88369028,1.111835974,0
1,0.973154362,0,1.94849283,1.143122677,0
1,0.969072165,0,1.917299241,1.084701815,0
1,0.974358974,0,1.989217252,1.126506024,0
1,1,0,3.039884393,1.264884569,0
1,0.949685535,0,1.871384068,1.03879027,0
1,0.972222222,0,1.964380649,1.163779528,0
1,0.955882353,0,1.880668258,1.045060659,0
1,0.941860465,0,1.737727429,1.025906736,0
1,0.974789916,0,1.83300754,1.099243061,0
1,0.946666667,0,1.767727527,0.990196078,0
1,0.98816568,0,1.684638861,1.131845842,0
1,0.974358974,0,2.051358516,1.179460581,0
1,0.959459459,0,2.064278705,1.160766962,0
1,0.872727273,0,2.137973138,1.171632896,0
1,0.977272727,0,1.902684564,1.081291759,0
1,0.975903614,0,1.822401615,1.046969697,0
1,1,0,3.190146932,1.140522876,0
1,0.907407407,0,1.872206879,0.976497346,0
1,0.420689655,0,0.772990354,0.48015873,0
1,0.97515528,0,2.097910106,1.143687708,0
1,0.976470588,0,1.961236249,1.116535433,0
1,0.904109589,0,2.115156647,1.074165637,0
1,0.902439024,0,1.947970269,1.042277826,0
1,1,0,1.859989512,1.072837633,0
1,0.968085106,0,1.796350795,1.030456853,0
1,1.013888889,0,2.735955056,1.096399535,0
1,0.94047619,0,1.929817276,1.052311436,0
1,0.984962406,0,1.638048178,1.042627884,0
1,0.902777778,0,1.806728704,1.097713098,0
1,0.940789474,0,1.776166902,0.996153846,0
1,1,0,1.795324675,1.060344828,0
1,0.968,0,1.90302267,1.077294686,0
1,0.9125,0,1.897044805,1.063891578,0
1,1,0,2.903056769,1.03257329,0
1,0.552845528,0,1.12348301,0.639930253,0
1,1,0,1.942520265,1.070769231,0
1,0.970588235,0,1.929946524,1.074193548,0
1,0.958333333,0,1.677345538,1.010362694,0
1,0.950617284,0,2.107300885,1.178403756,0
1,0.886075949,0,2.217355372,1.227160494,0
1,0.897540984,0,1.880674232,1.054216867,0
1,0.965517241,0,2.0147155,1.135375494,0
1,1,0,1.705668227,1.121076233,0
1,0.990131579,0,1.866793893,1.060521415,0
1,0.95890411,0,2.08675535,1.151006711,0
1,0.942028986,0,1.893765903,1.05,0
1,1.011363636,0,1.967105263,1.141414141,0
1,0.989247312,0,1.997294047,1.128136201,0
1,1.088888889,0,2.989885664,1.122282609,0
1,0.994791667,0,1.946082561,1.250712251,0
1,0.994236311,0,1.54606968,1.052395726,0
1,0.993055556,0,2.487732342,1.022377622,0
1,1,0,1.843333333,1.070048309,0
1,0.902777778,0,1.997116494,1.033333333,0
1,0.967741935,0,1.567710631,1.130263158,0
1,0.973333333,0,1.904828551,1.051470588,0
1,0.957142857,0,1.913022814,1.072222222,0
1,0.959459459,0,1.930629265,1.123674912,0
1,0.971014493,0,1.975029727,1.088235294,0
1,1,0,1.86967601,1.043678161,0
1,0.960784314,0,1.811111111,1.104122991,0
1,0.914634146,0,1.938418079,1.058303887,0
1,1.016129032,0,2.074958356,1.138564274,0
1,1.016949153,0,2.540663335,1.400726392,0
1,1,0,3.225738397,1.058380414,0
1,0.9625,0,2.072226999,1.146255507,0
1,0.927536232,0,1.876712329,1.032051282,0
1,1,0,3.396730245,1.13313897,0
1,1.028301887,0,2.082219251,1.11663216,0
1,1,0,2.740301724,1.056485356,0
1,1,0,3.451197053,1.188487585,0
1,0.979166667,0,1.868476542,1.10766721,0
1,0.916666667,0,1.865877712,1.050287356,0
1,0.986842105,0,3.491345617,1.202634245,0
1,0.906666667,0,1.999548125,1.054193548,0
1,1,0,1.843497758,1.081690141,0
1,0.904109589,0,1.900552486,1.048214286,0
1,0.87654321,0,1.789308176,1.020408163,0
1,1,0,2.099193166,1.152080344,0
1,0.938271605,0,2.07345065,1.166857143,0
1,0.501466276,0,1.892857143,1.033168666,0
1,0.960784314,0,1.855108359,1.067681895,0
1,1,0,2.178714859,1.004830918,0
1,1,0,2.114285714,1,0
1,1,0,2.326860841,1.003773585,0
1,0.361904762,0,0.641868329,0.280136986,0
1,1,0,3.142749812,1.081690141,0
1,1,0,3.035528596,1.118333333,0
1,1.390625,0,3.644686907,1.160377358,0
1,1,0,1.914403778,1.055459272,0
1,1,0,2.271159875,0.986348123,0
1,1,0,3.232698962,1.155555556,0
1,1,0,2.751445087,1.061776062,0
1,1,0,1.81162112,1.025060631,0
1,1,0,2.964554243,1.104700855,0
1,1,0,2.088984929,1.177023121,0
1,1.025,0,2.548772813,1.058290155,0
1,1,0,2.146666667,1.101694915,0
1,1,0,2.151029748,1.027472527,0
1,1,0,1.896414343,0.926829268,0
1,1,0,2.326388889,1.090425532,0
1,0.907407407,0,2.031971581,0.937984496,0
1,0.982758621,0,3.731686542,1.195987654,0
1,0.982142857,0,3.330434783,1.241887906,0
1,1.035714286,0,3.532004831,1.098792536,0
1,0.97260274,0,3.056473095,1.016683023,0
1,1.016129032,0,3.355884708,1.063210227,0
1,1.030769231,0,3.873942094,1.164677804,0
1,0.942857143,0,1.795037756,0.863529412,0
1,1,0,2.13022113,1.033707865,0
1,0.40433213,0,0.865490526,0.375374091,0
1,0.702020202,0,1.729773702,0.729931752,0
1,1,0,2.776145203,1.047457627,0
1,1,0,1.942408377,1.018987342,0
1,1,0,2.032634033,1.031914894,0
1,1,0,2.039906103,1.031914894,0
1,1,0,2.044705882,1.026595745,0
1,1,0,2.037647059,1.031914894,0
1,1,0,2.258823529,1.06043956,0
1,1,0,2.042253521,1.031914894,0
1,1,0,2.037647059,1.026595745,0
1,1,0,1.651079137,1,0
1,1,0,2.458333333,1.050632911,0
1,0.927272727,0,2.31938326,1.072115385,0
1,1,0,3,1.029925187,0
1,1.038461538,0,2.983160622,1.094527363,0
1,1,0,2.077134986,1.051948052,0
1,1.009708738,0,3.149334946,1.096597146,0
1,1.006993007,0,2.473140496,1.066343042,0
1,1,0,2.172661871,1.032786885,0
1,1.010204082,0,1.289817902,0.996172249,0
1,1.011173184,0,2.686242523,1.117511521,0
1,1,0,2.938920455,1.126470588,0
1,0.986666667,0,2.949828962,1.150485437,0
1,0.992882562,0,3.574712644,1.119310531,0
1,1.012345679,0,2.216121495,1.023809524,0
1,1,0,2.871459695,1.058189655,0
1,1,0,2.973930481,0.995962315,0
1,1,0,1.966507177,0.977011494,0
1,0.985915493,0,2.957360406,1.055226824,0
1,1.039473684,0,3.021475257,1.056042032,0
1,0.621621622,0,0.693467337,0.312727273,0
1,0.817142857,0,2.285233285,0.829268293,0
1,1,0,3.69554876,1.064627813,0
1,0.964285714,0,1.888888889,0.990697674,0
1,1.139534884,0,2.539215686,1.11431316,0
1,0.994923858,0,1.74283232,1.095174263,0
1,1.487804878,0,3.913333333,1.906020558,0
1,1,0,2.568555759,1.048,0
1,1,0,3.337760911,1.151142355,0
1,0.986486486,0,2.488888889,0.956600362,0
1,1,0,1.941644562,1.026315789,0
1,0.925925926,0,2.772828508,1.149122807,0
1,1,0,2.782212087,1.054455446,0
1,0.984375,0,2.936794582,1.096774194,0
1,0.947368421,0,2.828544949,1.104895105,0
1,1.00877193,0,2.425675676,1.060465116,0
1,0.8,0,1.330781011,0.572327044,0
1,1,0,2.500588928,1.054973822,0
1,1.024691358,0,2.823250297,1.103448276,0
1,0.986842105,0,2.929928741,1.130548303,0
1,1.026666667,0,2.802197802,1.079575597,0
1,1.026666667,0,2.776570048,1.074270557,0
1,1.026666667,0,2.792727273,1.065789474,0
1,1.026666667,0,2.797297297,1.075067024,0
1,1.026666667,0,2.736654804,1.049222798,0
1,1.027027027,0,2.758373206,1.049479167,0
1,0.909090909,0,2.621067031,1.190751445,0
1,0.96039604,0,2.62508809,1.100271003,0
1,1,0,2.08438061,0.995689655,0
1,1,0,2.709570957,1.105633803,0
1,1,0,2.489208633,1.045627376,0
1,1,0,2.217002237,1.070652174,0
1,1,0,2.191082803,1.078125,0
1,1,0,2.769010043,1.056603774,0
1,1,0,2.305613306,1.049019608,0
1,1.02,0,2.785953177,1.091575092,0
1,1,0,1.709964413,1.010152284,0
1,1.014285714,0,2.205463183,1.038251366,0
1,1,0,2.428857715,1.050772627,0
1,1,0,2.133484163,1.011049724,0
1,0.806060606,0,3.154626109,1.151135474,0
1,1,0,3.0410831,1.065543071,0
1,1,0,2.197792869,1.006578947,0
1,1,0,2.20508982,1.088235294,0
1,0.919354839,0,3.130606387,1.09079602,0
1,0.9625,0,2.52764761,1.040160643,0
1,0.966666667,0,2.192488263,1.075098814,0
1,1.041322314,0,3.428962684,1.156875,0
1,1,0,2.690179806,1.226006192,0
1,0.93006993,0,2.789187228,1.040100251,0
1,1,0,3.009735744,1.10978836,0
1,1,0,2.174291939,1.088888889,0
1,1,0,1.716363636,1.004901961,0
1,0.916666667,0,2.271493213,1.234265734,0
1,1,0,1.594890511,0.984771574,0
1,0.995024876,0,1.368121874,1.033840948,0
1,0.965517241,0,3.091970121,1.107843137,0
1,1,0,2.041304348,1.040816327,0
1,1,0,2.171259843,1.040723982,0
1,1,0,2.391038697,1.004424779,0
1,1,0,1.988009592,1.011627907,0
1,0.978723404,0,1.948148148,0.96,0
1,1,0,2.338491296,1.052863436,0
1,1,0,2.368421053,1.033816425,0
1,1.014925373,0,2.277027027,1.044609665,0
1,1.05,0,2.4425,1.097297297,0
1,1,0,2.384615385,1.067524116,0
1,1.023255814,0,2.343915344,1.118902439,0
1,1,0,2.264705882,1.074074074,0
1,1.011904762,0,2.368188513,1.137724551,0
1,1.023255814,0,2.384,1.133333333,0
1,1.038461538,0,2.330871492,1.142414861,0
1,1.041666667,0,2.35962877,1.146666667,0
1,1,0,2.297101449,1.085545723,0
1,0.971830986,0,2.306260575,1.021978022,0
1,1,0,2.240740741,1.081920904,0
1,1,0,2.27479092,1.074666667,0
1,1.023255814,0,2.453703704,1.155688623,0
1,1.012820513,0,2.329177057,1.113259669,0
1,1,0,2.269736842,1.043478261,0
1,1.023255814,0,2.367454068,1.120481928,0
1,1,0,2.288461538,1.134048257,0
1,1.023255814,0,2.408730159,1.140718563,0
1,1.041666667,0,2.362110312,1.169863014,0
1,1.023255814,0,2.429333333,1.151515152,0
1,1,0,2.923413567,1.211221122,0
1,1.038461538,0,2.473451327,1.185534591,0
1,1,0,2.123301985,1.164588529,0
1,1.041666667,0,2.38452381,1.162601626,0
1,1,0,2.195093458,1.147222222,0
1,1.041666667,0,2.338785047,1.145552561,0
1,1.041666667,0,2.425,1.181571816,0
1,1.041666667,0,2.402877698,1.183561644,0
1,1,0,2.319559229,1.08,0
1,0.971830986,0,2.272419628,1.029304029,0
1,0.988636364,0,2.557291667,1.119047619,0
1,1,0,2.371559633,1.071428571,0
1,1,0,2.214285714,1.088068182,0
1,1,0,2.202033037,1.1179941,0
1,1,0,2.134391534,1.168765743,0
1,1,0,2.391371341,1.056603774,0
1,1,0,2.09902371,1.099697885,0
1,1.032258065,0,2.237967914,1.1184573,0
1,1,0,2.23929471,1.093663912,0
1,1,0,2.159949622,1.115727003,0
1,0.987951807,0,2.648501362,1.119891008,0
1,0.904761905,0,2.382730455,1.16017316,0
1,1,0,2.986124876,1.066536204,0
1,0.990740741,0,2.849498328,1.030837004,0
1,0.862385321,0,2.501154734,1.031796502,0
1,1,0,2.004694836,1.035502959,0
1,1.016778523,0,3.539689781,1.132859774,0
1,1,0,1.705580029,1.008797654,0
1,1,0,2.822824716,1.01625,0
1,1.01010101,0,3.380952381,1.149152542,0
1,1,0,1.912109375,1.078431373,0
1,1,0,1.711967546,1.017738359,0
1,1,0,2.07549505,1.134285714,0
1,0.982035928,0,2.734920635,1.069678407,0
1,1.02962963,0,2.784392599,1.063356164,0
1,1.015151515,0,2.202219482,1.074565037,0
1,0.5875,0,0.553204729,0.290880503,0
1,1,0,2.187755102,1.125827815,0
1,1,0,2.043333333,1.070987654,0
1,1.025291829,0,2.199831163,1.057012268,0
1,1,0,2.609418283,1,0
1,1.019230769,0,3.445023903,1.127562642,0
1,1.055276382,0,3.435043762,1.08821788,0
1,1.016806723,0,1.923029933,1.053452116,0
1,1,0,2.061111111,1.043290043,0
1,1,0,2.183823529,1.061135371,0
1,1,0,2.451162791,1.036666667,0
1,1,0,2.122834646,1.097826087,0
1,1,0,1.920833333,1.0651341,0
1,1,0,2.162947938,1.05873494,0
1,1,0,2.050549451,1.020942408,0
1,1,0,2.518945634,1.056939502,0
1,1.058333333,0,2.985479798,1.125322997,0
1,1.18705036,0,2.115575966,1.151224707,0
1,1,0,1.695219124,1.044871795,0
1,0.992063492,0,3.594278903,1.24651372,0
1,1,0,1.932668329,1.018867925,0
1,1,0,2.096033403,1.042553191,0
1,1,0,2.038043478,1.017699115,0
1,1,0,1.990601504,0.990338164,0
1,1,0,1.919475655,1.073394495,0
1,1,0,2.071759259,1.034285714,0
1,1,0,2.432708688,1.061302682,0
1,1.007936508,0,2.902821317,1.00152439,0
1,1,0,2.896031746,1.053175775,0
1,1,0,2.883071553,1.143884892,0
1,1,0,2.40443686,1.015625,0
1,1.031007752,0,3.366687256,0.93452078,0
1,1.00617284,0,2.797643798,1.057023644,0
1,1,0,2.207900208,1.025773196,0
1,0.995316159,0,2.997639654,1.077388964,0
1,0.873015873,0,1.162946429,0.467505241,0
1,1.056497175,0,2.598183882,1.058333333,0
1,0.945544554,0,2.876366882,1.08438061,0
1,1,0,2.394392523,1.102678571,0
1,1.123076923,0,2.681118881,1.173789174,0
1,1.008849558,0,2.82688588,1.126530612,0
1,1.025477707,0,3.135822511,1.181818182,0
1,0.983240223,0,2.092804809,0.935030729,0
1,1,0,2.851182197,1.246875,0
1,1.017857143,0,1.721662469,1.092436975,0
1,0.984126984,0,1.885918004,1.079295154,0
1,1,0,1.979591837,1.046783626,0
1,1,0,1.926339286,1.016853933,0
1,1,0,1.904661017,1.016129032,0
1,1,0,1.881465517,1.016483516,0
1,1.02,0,2.005736138,1.073170732,0
1,1,0,2.029288703,1.057591623,0
1,1,0,1.924892704,1.016304348,0
1,1,0,1.891067538,1.016949153,0
1,1,0,1.961612284,1.055,0
1,1,0,2.6996337,1.144021739,0
1,1,0,2.002232143,1.034285714,0
1,1.042553191,0,2.891275168,1.072207084,0
1,0.961904762,0,2.139722019,1.027729636,0
1,1,0,2.006681514,1.044444444,0
1,1,0,2.029288703,1.062827225,0
1,1.00862069,0,1.399626517,1.011904762,0
1,1,0,1.960167715,1.02617801,0
1,1,0,1.953744493,1.027624309,0
1,1,0,1.947136564,1.033333333,0
1,1,0,1.973799127,1.044198895,0
1,1,0,1.893246187,1.021978022,0
1,1,0,2.751020408,1.026533997,0
1,1,0,2.105193076,1.060897436,0
1,1,0,1.912017167,1.005291005,0
1,1,0,1.987755102,1.015228426,0
1,1,0,1.866666667,0.974619289,0
1,1,0,2.536477524,1.130573248,0
1,0.936507937,0,3.198863636,1.179206566,0
1,1,0,1.91440501,1.081521739,0
1,1,0,1.877659574,1.057522124,0
1,0.928774929,0,2.675354108,1.157723577,0
1,1.016129032,0,1.907534247,1.112554113,0
1,1,0,1.912133891,1.048913043,0
1,1.061538462,0,2.735294118,1.231625835,0
1,0.774096386,0,1.952308857,0.911764706,0
1,0.938925081,0,1.474443776,0.99107674,0
1,0.875621891,0,1.511339093,0.954594595,0
1,1,0,1.962053571,1.046242775,0
1,1,0,2.449023861,0.99078341,0
1,0.956597222,0,1.479070787,1.021926053,0
1,0.935064935,0,1.51522763,1.020484171,0
1,0.840764331,0,2.206744057,1.032402235,0
1,0.96969697,0,2.997395833,1.093378608,0
1,1.0125,0,2.732597623,1.094827586,0
1,1,0,2.342059337,1.033472803,0
1,1,0,1.900423729,0.989247312,0
1,1,0,2.0995671,1.047101449,0
1,1.053571429,0,2.301164725,1.132231405,0
1,1.044776119,0,2.203324808,1.076190476,0
1,1.015625,0,3.184994861,1.141975309,0
1,1,0,2.114624506,1.056994819,0
1,0.981481481,0,2.112676056,0.986046512,0
1,1,0,2.075975359,1.060913706,0
1,1,0,1.902527076,1.066666667,0
1,1,0,2.615620214,1.033333333,0
1,1,0,3.020895522,1.247588424,0
1,1.060606061,0,2.693907875,1.168316832,0
1,1,0,2.890156919,1.235209235,0
1,0.96875,0,2.759779774,1.045604396,0
1,1,0,2.028957529,0.941176471,0
1,1,0,1.857965451,1.077294686,0
1,1,0,2.129798903,0.995780591,0
1,0.966101695,0,2.929161747,1.057603687,0
1,1,0,3.081213307,1.114228457,0
1,1,0,2.106904232,1.038888889,0
1,0.99382716,0,2.45899959,1.039389068,0
1,1,0,1.881142857,1.131578947,0
1,0.942028986,0,3.339812815,1.073643411,0
1,1.028673835,0,2.986119679,1.161603103,0
1,0.977848101,0,3.040874255,1.153310105,0
1,1.03030303,0,2.846244131,1.059405941,0
1,1,0,2.494634146,1.090507726,0
1,1.036363636,0,2.411558669,1.09787234,0
1,1,0,2.050772627,1.028089888,0
1,1,0,2.465116279,1.154929577,0
1,1,0,2.741721854,1.054421769,0
1,1,0,2.637726098,0.864208633,0
1,1.122807018,0,2.664498645,1.035306334,0
1,1.00729927,0,2.745639535,1.037283622,0
1,1,0,2.248888889,1.049261084,0
1,1.024590164,0,3.669703644,1.093818427,0
1,1,0,2.33988764,1.046511628,0
1,1,0,1.965909091,1.097222222,0
1,0.758064516,0,0.875968992,0.349442379,0
1,1,0,2.255102041,1.088235294,0
1,0.961538462,0,2.39637827,1.099526066,0
1,1,0,2.411276949,1.136882129,0
1,0.983333333,0,2.1799591,1.079439252,0
1,1,0,3.71124498,1.170927684,0
1,1,0,3.45482866,1.134976526,0
1,0.954545455,0,3.052233157,1.026499303,0
1,1,0,2.55265902,1.083135392,0
1,0.983333333,0,2.561583578,1.053731343,0
1,1,0,2.735549133,1.051515152,0
1,1,0,2.894590846,1.094444444,0
1,1.011904762,0,3.380327869,1.166167665,0
1,1,0,1.861293346,1.183189655,0
1,0.985074627,0,2.682137834,1.166112957,0
1,1.008849558,0,2.027665996,1.067055394,0
1,1,0,2.640493186,1.046153846,0
1,1,0,3.04070407,1.06557377,0
1,0.96,0,1.888127854,0.956284153,0
1,1,0,3.228190804,0.994113319,0
1,0.946902655,0,2.742857143,0.878172589,0
1,0.849802372,0,2.467473525,0.92097445,0
1,1,0,2.119402985,0.972477064,0
1,1,0,1.989035088,1.027472527,0
1,1.090196078,0,2.149391856,1.206371191,0
1,1,0,2.430232558,0.924433249,0
1,0.927536232,0,2.057546145,0.744939271,0
1,1.015151515,0,2.27344782,0.973262032,0
1,1,0,2.322899506,0.992882562,0
1,1,0,2.613636364,1.099656357,0
1,1,0,2.701444623,1.090909091,0
1,1,0,2.445283019,1.084745763,0
1,1,0,3.291790307,1.234939759,0
1,1,0,2.068493151,1.053398058,0
1,1,0,3.229040622,1.092409241,0
1,1,0,2.541353383,1.019169329,0
1,0.266666667,0,0.586860392,0.242574257,0
1,1,0,3.482615894,1.097791798,0
1,1,0,2.513307985,1.076271186,0
1,1.142857143,0,1.881072027,1.155378486,0
1,0.945454545,0,2.144628099,0.928251121,0
1,1.069444444,0,2.89738806,1.02027027,0
1,0.709302326,0,3.106735751,1.087619048,0
1,1,0,2.740740741,1.026490066,0
1,1,0,2.065060241,0.994505495,0
1,1,0,2.43373494,1.056768559,0
1,1,0,2.676812892,1.132264529,0
1,1.049019608,0,3.285268414,1.027563396,0
1,1.044776119,0,2.879245283,1.04950495,0
1,0.991416309,0,2.585429598,1.084781098,0
1,1,0,2.079229122,1.242424242,0
1,1,0,2.43805668,1.077067669,0
1,1,0,2.334669339,1.017777778,0
1,1,0,2.82440678,1.095302013,0
1,1,0,2.632786885,1.100719424,0
1,0.558139535,0,0.95804878,0.351785714,0
1,1.468085106,0,5.973933649,2.641618497,0
1,11.63829787,0,41.84988453,20.95882353,0
1,1,0,3.026200873,1.109422492,0
1,0.588235294,0,1.689956332,0.624154589,0
1,0.730769231,0,1.247293922,0.485113835,0
1,1,0,2.06122449,1.035502959,0
1,1,0,2.096774194,1.028571429,0
1,0.846153846,0,2.125,0.788259958,0
1,0.881355932,0,2.134646962,0.847972973,0
1,0.342465753,0,0.482466063,0.208665906,0
1,0.847222222,0,1.846153846,0.770877944,0
1,0.78,0,1.659315589,0.58045977,0
1,1,0,2.066502463,1.011363636,0
1,0.525862069,0,0.740619902,0.278622087,0
1,0.963636364,0,2.103370787,0.96969697,0
1,0.916666667,0,2.207352941,0.866873065,0
1,0.983333333,0,3.652050919,1.106372549,0
1,1.061403509,0,3.230247406,1.064112588,0
1,0.977272727,0,2.738033072,1.113353116,0
1,0.974452555,0,2.552086868,0.955185659,0
1,0.987951807,0,2.810844893,1.024324324,0
1,1,0,2.253763441,1.115183246,0
1,1,0,2.47032967,1.170212766,0
1,1,0,2.164785553,1.06010929,0
1,1.022727273,0,3.797979798,1.195956454,0
1,1.016713092,0,2.863448276,1.241245136,0
1,1,0,2.115546218,0.984536082,0
1,1,0,2.313880126,1.062043796,0
1,1,0,2.22826087,1.048387097,0
1,0.156069364,0,0.310122879,0.125823847,0
1,1,0,2.174180328,1.06122449,0
1,1,0,1.799731183,1.096676737,0
1,0.96031746,0,2.968493852,1.229050279,0
1,1,0,1.801342282,1.09009009,0
1,1,0,1.80952381,1.098461538,0
1,0.992366412,0,1.793522267,1.083832335,0
1,1,0,2.157142857,1.047120419,0
1,1.073170732,0,2.995904996,1.12987013,0
1,0.989361702,0,3.302325581,1.13681592,0
1,1.03125,0,2.238831615,1.021459227,0
1,1.135802469,0,2.874743326,1.140692641,0
1,1.014705882,0,2.318699187,1.007843137,0
1,1.049180328,0,2.188741722,1.008163265,0
1,1.047619048,0,2.280276817,1.055555556,0
1,1,0,2.309352518,1.071729958,0
1,0.989473684,0,3.062020083,1.030271399,0
1,0.688311688,0,1.399328859,0.594272076,0
1,1,0,2.158663883,1.045918367,0
1,1.014925373,0,2.367601246,1.058823529,0
1,1.014150943,0,2.276084618,1.014914243,0
1,1.033333333,0,3.565891473,1.404558405,0
1,1.062015504,0,2.98362644,1.130162703,0
1,1,0,3.27942029,1.101045296,0
1,1,0,2.136020151,1.053892216,0
1,1,0,2.754385965,1.068306011,0
1,0.714285714,0,3.21900161,1.039215686,0
1,1,0,2.15261959,1.073446328,0
1,1,0,2.065359477,1.085227273,0
1,1,0,2.090261283,1.059171598,0
1,1,0,2.193548387,1.061538462,0
1,1,0,2.268181818,1.047368421,0
1,0.963636364,0,2.25,1.080952381,0
1,0.988235294,0,2.800245098,1.247191011,0
1,0.991869919,0,2.805555556,1.043526786,0
1,0.715447154,0,2.12375,0.914552737,0
1,0.881578947,0,2.473498233,1.029339853,0
1,0.875,0,2.019230769,1.082788671,0
1,1,0,2.126237624,1.053892216,0
1,1,0,2.497032641,1.084415584,0
1,1,0,2.207843137,1.004464286,0
1,1,0,2.418287938,1.026548673,0
1,0.967213115,0,2.499351492,0.970899471,0
1,1,0,2.355932203,1.075221239,0
1,1,0,2.14,1.016216216,0
1,1,0,2.020179372,1.022988506,0
1,0.986394558,0,2.795048701,1.158861341,0
1,1.075949367,0,3.376820035,1.115800866,0
1,1,0,2.884803922,0.985714286,0
1,1,0,1.891117479,1.04245283,0
1,0.983050847,0,2.251923077,0.991189427,0
1,1,0,2.744599746,1.040100251,0
1,1.05,0,3.422652469,1.13349266,0
1,1,0,1.218253968,1.001552795,0
1,1,0,1.203703704,0.987596899,0
1,0.99047619,0,3.055454545,1.038429407,0
1,1,0,1.978593272,1.035335689,0
1,0.945736434,0,3.301743995,1.098298677,0
1,1,0,2.877763329,1.069060773,0
1,1,0,2.089912281,1.048387097,0
1,1,0,2.120283019,0.994505495,0
1,1.011904762,0,2.507422402,1.117647059,0
1,1,0,2.803894298,1.084084084,0
1,1.080645161,0,2.977464789,1.071969697,0
1,0.916666667,0,2.981132075,1.084415584,0
1,1,0,3.518950437,1.102352941,0
1,1,0,3.621637092,1.080848914,0
1,1,0,3.463689179,1.11988912,0
1,1.006042296,0,3.554448136,1.128187457,0
1,1,0,3.583365422,1.123044097,0
1,1,0,3.573942344,1.122307158,0
1,0.937644342,0,2.672410298,0.916121585,0
1,0.937644342,0,2.676488519,0.916121585,0
1,0.937644342,0,2.674786845,0.916121585,0
1,0.997126437,0,3.453542535,1.09379441,0
1,1,0,3.573924731,1.119975263,0
1,1,0,3.562203575,1.115696888,0
1,0.991304348,0,3.590690209,1.127659574,0
1,1,0,3.58802356,1.099222953,0
1,1,0,3.544029851,1.126829268,0
1,1,0,3.302426055,1.113606341,0
1,1,0,3.479234381,1.113233288,0
1,1,0,3.53372434,1.12345679,0
1,1.005714286,0,3.563756064,1.116323907,0
1,1,0,3.544857768,1.118126273,0
1,1.008988764,0,3.299869961,1.106015779,0
1,0.985250737,0,3.470024832,1.101717305,0
1,0.997067449,0,3.710892433,1.15726817,0
1,0.984455959,0,3.24143401,1.06638756,0
1,1,0,3.569282764,1.12195122,0
1,0.605734767,0,1.380776055,0.535828697,0
1,0.826215022,0,2.255243591,0.847113164,0
1,1,0,3.472018752,1.106659448,0
1,1,0,3.555724033,1.12155477,0
1,1,0,3.559031657,1.120665742,0
1,1,0,3.578623188,1.12190221,0
1,0.988235294,0,3.57601476,1.12559727,0
1,1.005934718,0,3.61327609,1.12477396,0
1,1.00257732,0,3.541432225,1.118542435,0
1,1.002336449,0,3.298004315,1.112,0
1,1.012474012,0,2.217836257,1.072545613,0
1,1.004310345,0,3.315750916,1.127529412,0
1,0.997222222,0,3.58282796,1.138406231,0
1,1.00273224,0,3.385282776,1.109547124,0
1,1,0,3.551984877,1.113887275,0
1,1,0,3.488006397,1.083541771,0
1,1,0,3.537771129,1.116083916,0
1,0.930434783,0,3.088581315,0.994832041,0
1,0.994134897,0,3.454220315,1.113451087,0
1,1.032345013,0,3.11996008,1.125816282,0
1,0.997925311,0,2.775340061,1.11982027,0
1,1,0,3.582946843,1.120106171,0
1,1,0,3.558678314,1.122782115,0
1,0.986338798,0,3.528535193,1.140186916,0
1,1,0,3.535908075,1.114990969,0
1,0.988919668,0,3.339827821,1.121843155,0
1,0.965217391,0,3.268133379,1.020952381,0
1,0.978552279,0,3.533311014,1.147315855,0
1,0.983572895,0,3.364081633,1.122305764,0
1,1,0,3.591893781,1.129136924,0
1,1,0,3.560118387,1.124305556,0
1,1,0,3.546021269,1.127762431,0
1,1,0,3.578733491,1.119440915,0
1,1,0,3.561198392,1.122518823,0
1,1,0,3.551148999,1.11891516,0
1,0.928888889,0,3.483668613,1.142857143,0
1,1,0,3.575293057,1.115148127,0
1,1,0,3.269365172,1.10040864,0
1,0.994202899,0,3.467702936,1.125248509,0
1,1,0,3.510016243,1.126305321,0
1,1,0,3.549171271,1.128740431,0
1,1,0,3.414825374,1.116358658,0
1,0.983193277,0,3.475162727,1.152948801,0
1,1,0,3.427851745,1.124655647,0
1,1,0,3.392296719,1.114167813,0
1,1.00617284,0,2.195191585,1.08490566,0
1,0.988372093,0,3.469986357,1.122371741,0
1,1,0,3.541713431,1.119664101,0
1,1,0,3.547155963,1.121232877,0
1,1,0,3.551027768,1.121967655,0
1,1,0,3.574880996,1.120218579,0
1,1.002840909,0,3.506320225,1.118610747,0
1,1.010958904,0,3.465968586,1.126691267,0
1,1,0,3.510888351,1.121173469,0
1,1.005390836,0,3.456175299,1.131230284,0
1,1,0,3.413411458,1.121175031,0
1,1.002710027,0,3.490971039,1.135135135,0
1,1.005390836,0,3.46839654,1.134930643,0
1,1.008264463,0,3.483123082,1.136075949,0
1,1.010498688,0,3.422706863,1.137952177,0
1,1,0,3.470128988,1.12406015,0
1,0.994382022,0,3.512820513,1.114379085,0
1,1,0,3.409328115,1.123602484,0
1,1,0,3.408341416,1.12208589,0
1,1.005390836,0,3.48373174,1.139622642,0
1,1.002754821,0,3.43557881,1.129709697,0
1,1,0,3.497905028,1.116966581,0
1,1.005390836,0,3.459907223,1.132241814,0
1,1,0,3.413860104,1.135052179,0
1,1.005390836,0,3.472443559,1.136477987,0
1,1.010498688,0,3.433009709,1.14312153,0
1,1.005390836,0,3.479707252,1.138713745,0
1,1,0,3.489638022,1.1598493,0
1,1.008264463,0,3.515678255,1.145489199,0
1,1,0,3.320883909,1.142426071,0
1,1.010498688,0,3.437015504,1.141538462,0
1,1,0,3.379498715,1.13729128,0
1,1.010498688,0,3.419023136,1.136977887,0
1,1.010498688,0,3.447997416,1.145846154,0
1,1.010498688,0,3.444012945,1.146206046,0
1,1,0,3.461435278,1.122588675,0
1,0.994382022,0,3.505795574,1.115686275,0
1,0.997319035,0,3.505952381,1.13088685,0
1,1,0,3.50137457,1.121595947,0
1,1,0,3.407007204,1.124300808,0
1,1,0,3.408149852,1.132371393,0
1,1,0,3.328647298,1.143375681,0
1,1,0,3.507745267,1.118730159,0
1,1,0,3.411705348,1.127914304,0
1,1.007936508,0,3.432756325,1.130864198,0
1,1,0,3.415081967,1.126003706,0
1,1,0,3.39442623,1.130489335,0
1,0.997282609,0,3.539130435,1.131157635,0
1,0.97080292,0,3.204534005,1.143589744,0
1,0.997455471,0,3.550269585,1.107602339,0
1,1,0,3.539149888,1.122720898,0
1,1.00621118,0,2.984858179,1.105562322,0
1,1,0,3.569332868,1.125487646,0
1,1.017283951,0,3.480989583,1.130969966,0
1,1.061320755,0,2.909426987,1.142076503,0
1,1,0,3.171779141,1.116634799,0
1,0.996275605,0,3.676329251,1.206381144,0
1,1,0,3.54271735,1.121468927,0
1,1,0,3.525411335,1.122491349,0
1,1,0,3.476851852,1.117329737,0
1,1,0,3.478120516,1.114071038,0
1,1,0,3.46344086,1.125423729,0
1,1,0,3.546502976,1.122206704,0
1,1,0,3.540626099,1.122610415,0
1,1,0,3.494596132,1.105997932,0
1,1,0,3.510288066,1.137969095,0
1,1.002237136,0,3.426601784,1.105715731,0
1,1,0,3.544026306,1.119917298,0
1,0.977011494,0,3.07106599,0.950980392,0
1,0.977412731,0,3.195339172,1.102439024,0
1,1.002512563,0,3.349676226,1.131991051,0
1,1.009049774,0,3.516812865,1.154788924,0
1,0.993534483,0,2.6095791,1.006225241,0
1,1.002932551,0,3.280327869,1.128514056,0
1,0.997126437,0,3.441959531,1.126010782,0
1,1,0,3.526510938,1.12394958,0
1,1,0,3.513683432,1.119860627,0
1,1,0,3.495967742,1.119196119,0
1,1,0,3.496691176,1.11952745,0
1,1.002985075,0,3.485786254,1.126625599,0
1,1,0,3.514264813,1.124309392,0
1,1,0,3.502939015,1.119361554,0
1,1,0,3.501289134,1.119944212,0
1,1,0,3.478574001,1.123541524,0
1,1,0,3.528130081,1.136615385,0
1,1,0,3.526257396,1.122990915,0
1,1.01055409,0,3.455953017,1.112060302,0
1,0.98974359,0,3.191553961,1.101472995,0
1,1,0,3.526432532,1.123173278,0
1,1,0,3.51316752,1.125086386,0
1,1.002493766,0,3.046889089,1.099375355,0
1,1,0,3.502744237,1.120856354,0
1,1,0,3.514760148,1.121781489,0
1,1,0,3.513653137,1.121781489,0
1,1,0,3.515843773,1.123087622,0
1,1,0,3.501657459,1.120222377,0
1,1,0,3.449583453,1.100053792,0
1,1,0,3.398403725,1.120535714,0
1,1,0,3.500734754,1.1183391,0
1,1,0,3.500364166,1.119064006,0
1,1,0,3.484649123,1.114325069,0
1,1,0,3.343481871,1.133156499,0
1,0.988505747,0,3.586790393,1.150905433,0
1,1,0,3.493601463,1.128472222,0
1,1,0,3.438652482,1.122724208,0
1,0.960691824,0,3.125129623,1.148291425,0
1,1.002881844,0,3.433802817,1.131048387,0
1,1,0,3.493782004,1.124305556,0
1,1.011428571,0,3.480664653,1.160703812,0
1,0.878444084,0,3.135868046,1.059936909,0
1,0.95042961,0,2.426012182,1.05277494,0
1,0.915540541,0,2.784079844,1.058688675,0
1,1,0,3.519600592,1.123776224,0
1,1,0,3.428571429,1.097575399,0
1,0.962742176,0,2.256489221,1.061697376,0
1,0.947916667,0,2.47454512,1.07080572,0
1,0.900793651,0,3.10701107,1.092980009,0
1,0.994301994,0,3.541666667,1.119241192,0
1,1.002739726,0,3.452824694,1.12254902,0
1,1,0,3.527748321,1.118315508,0
1,1,0,3.495234604,1.115731116,0
1,1,0,3.422516107,1.118721461,0
1,1.008797654,0,3.507525376,1.134846462,0
1,1.008522727,0,3.410467413,1.122773537,0
1,1.00286533,0,3.634871477,1.137851809,0
1,0.997050147,0,3.519070105,1.112771739,0
1,0.994186047,0,3.583306478,1.114725015,0
1,0.988700565,0,3.642524005,1.111767602,0
1,1.005698006,0,3.55952381,1.116195063,0
1,1,0,3.412069491,1.122807018,0
1,1,0,3.531561462,1.121254355,0
1,1,0,3.575036075,1.138189244,0
1,1.035087719,0,3.305047549,1.091933303,0
1,1.002369668,0,3.418502203,1.09810757,0
1,0.989276139,0,3.542074364,1.095793208,0
1,0.997101449,0,3.534717495,1.117462312,0
1,1,0,3.572252374,1.117202268,0
1,1,0,3.602620087,1.126237624,0
1,1,0,3.602527646,1.115186246,0
1,0.985875706,0,3.315391879,1.024557396,0
1,1,0,3.62554937,1.120772947,0
1,1.014005602,0,3.528846154,1.097890752,0
1,1.012919897,0,3.60316226,1.089648799,0
1,0.897574124,0,2.932032917,0.8932306,0
1,1.06626506,0,4.166915609,1.317704689,0
1,2.506024096,0,9.951283005,3.498597475,0
1,0.878712871,0,2.813991198,0.90746399,0
1,0.94214876,0,2.932021984,0.93263965,0
1,1,0,3.567220544,1.122720898,0
1,1,0,3.566378338,1.122292103,0
1,0.962765957,0,3.34764631,1.039815349,0
1,0.979651163,0,3.468760908,1.07984546,0
1,0.777262181,0,2.35859841,0.75398313,0
1,1,0,3.560105184,1.119330077,0
1,0.994117647,0,3.544613106,1.112027491,0
1,0.985507246,0,3.453337875,1.081115336,0
1,0.988195616,0,3.169559881,1.122365738,0
1,0.987477639,0,3.105708245,1.03548616,0
1,0.997282609,0,3.564119383,1.109403811,0
1,1,0,3.600885282,1.139100346,0
1,1.00536193,0,3.81336863,1.165552497,0
1,1.00931677,0,3.233803775,1.197316754,0
1,1,0,3.530380673,1.113636364,0
1,1,0,3.496539792,1.121489223,0
1,1,0,3.557805596,1.123354123,0
1,0.537242472,0,1.709199859,0.558934062,0
1,1,0,3.534620991,1.125344353,0
1,1.016348774,0,3.536381938,1.13400961,0
1,0.997361478,0,3.618186652,1.135305529,0
1,1.030054645,0,3.541176471,1.136786962,0
1,1,0,3.528449502,1.125251172,0
1,0.992105263,0,3.499873386,1.088407758,0
1,1,0,3.536380256,1.124052378,0
1,1,0,3.575574821,1.125,0
1,1,0,3.563229897,1.120221948,0
1,0.910165485,0,3.554772893,1.093227792,0
1,1,0,3.555844156,1.127704117,0
1,1,0,3.530755064,1.129189944,0
1,1,0,3.555472544,1.127106742,0
1,1,0,3.574183976,1.124567474,0
1,0.994117647,0,3.54245283,1.126021798,0
1,1,0,3.395807022,1.097435897,0
1,0.96969697,0,3.456066946,1.105924596,0
1,0.970509383,0,3.315940185,1.122008173,0
1,1,0,3.570300752,1.125,0
1,1,0,3.522525597,1.125319693,0
1,1,0,3.530007231,1.114787306,0
1,1,0,3.567148014,1.118758435,0
1,0.994219653,0,3.490254377,1.097247706,0
1,1,0,3.548259778,1.124663073,0
1,1,0,3.54804139,1.119278779,0
1,1.016483516,0,3.633526303,1.12706422,0
1,1,0,3.578125,1.097197376,0
1,0.997093023,0,3.533501441,1.112533693,0
1,1,0,3.587107438,1.120519159,0
1,1,0,3.55858209,1.116747741,0
1,1.002710027,0,3.502168836,1.131578947,0
1,1,0,3.580840336,1.123899371,0
1,1.014409222,0,3.55585667,1.115966387,0
1,0.983193277,0,3.531510791,1.117992525,0
